,restaurant_name,restaurant_category
0,Brunch Café,cafe
0,Stanislav Café,cafe
0,the mill,cafe
0,Café In,cafe
0,Brick Cafe Lisboa,cafe
0,28 Café,cafe
0,O Ninho - café brunch tapas,cafe
0,Tiffin Cafe & Restaurant Lisboa,cafe
0,Café No Chiado,cafe
0,Antikuario Cafe,cafe
0,Hard Rock Cafe Lisbon,cafe
0,Quase Café,cafe
0,Casinha Boutique Café,cafe
0,Café de São Bento,cafe
0,Lisbon Café,cafe
0,Brooklyn Lisboa,cafe
0,Guadalupe.,cafe
0,Neighbourhood Cafe Lisbon,cafe
0,Nossa Lisboa,cafe
0,MELBOURNE coffeehouse,cafe
0,Kafeine / Avenida da Liberdade,cafe
0,Tease,cafe
0,Noobai - Rooftop Bar e Restaurante,cafe
0,Esplanada Cafe,cafe
0,Kaffeehaus,cafe
0,Leitaria Lisboa,cafe
0,Nicola,cafe
0,Royale Café,cafe
0,Café O Corvo,cafe
0,Curva,cafe
0,Café Príncipe Real Restaurante & Cocktail Bar,cafe
0,Café Buenos Aires,cafe
0,Seagull Method cafe,cafe
0,Portela,cafe
0,"Arts Cafe, Event Venue",cafe
0,Copenhagen Coffee Lab & Bakery,cafe
0,Banana Cafe,cafe
0,COA Café da Ordem dos Arquitectos,cafe
0,Café Garrett by Ohana,cafe
0,Audrey´s,cafe
0,COMOBÁ,cafe
0,Avenida SushiCafé,cafe
0,Café da Garagem,cafe
0,Café Pit,cafe
0,Le Petit Café,cafe
0,Chiado Caffe,cafe
0,Café 1890,cafe
0,Restaurante Café e Grill Tradicional Indiano e Português,cafe
0,Cotidiano Lisboa,cafe
0,Miolo,cafe
0,Fábrica Coffee Roasters,cafe
0,Café Janis,cafe
0,Nicolau Lisboa,cafe
0,Leitaria Baiana,cafe
0,Lisboa é Linda,cafe
0,Cafeh Tehran,cafe
0,Bistrot Le Café,cafe
0,"Leitaria, Pastelaria Eneri",cafe
0,Zenith,cafe
0,sajna lebanese cafe,cafe
0,Amélia Lisboa,cafe
0,Pão de Canela,cafe
0,Zappi,cafe
0,Pop Cereal Café,cafe
0,Slow,cafe
0,Santelmo,cafe
0,Break,cafe
0,Di Marzano Café Vermuteria,cafe
0,Joana’s Coffee,cafe
0,"Maria Limão Brunch, Crepes, Limonadas Lisboa",cafe
0,Frutaria Cafe,cafe
0,Lounge Caffé,cafe
0,PappaRoti Portugal,cafe
0,Horácio Trattoria - Gastronomia,cafe
0,Can the Can Lisboa,cafe
0,Lisbon cafe & kebab house,cafe
0,Leitaria Anita,cafe
0,Yummi - Toasts & Tartines,cafe
0,Sommelier Lisbon,cafe
0,Café Calçada Bistro,cafe
0,Cusca Café,cafe
0,Cafe Tofa,cafe
0,Red Cafe,cafe
0,Rebel Café,cafe
0,Duetos da Sé,cafe
0,Eléctrico Café,cafe
0,Basílio,cafe
0,"Cafe Brazil, Lda.",cafe
0,Leitaria Moderna,cafe
0,Bettina & Niccolo Corallo,cafe
0,A Loja do Sr. Rocha,cafe
0,Buna Specialty Coffee Shop,cafe
0,RD's Restaurante and cafe,cafe
0,Manjerica,cafe
0,lisboa,cafe
0,Sr. Lisboa,cafe
0,Yallah Lisboa,cafe
0,Doló Teahouse,cafe
0,Cafe,cafe
0,Crossroad10 - Fusion-Bistro,cafe
0,Al Garage,italian restaurant
0,Casanostra,italian restaurant
0,Prima Pasta,italian restaurant
0,Forno d'Oro,italian restaurant
0,La Piadina,italian restaurant
0,Tomato Garden Italian Restaurant,italian restaurant
0,La Vita è Bella,italian restaurant
0,Jamie's Italian Lisboa,italian restaurant
0,Il Mercato,italian restaurant
0,Il Matriciano,italian restaurant
0,Mano a Mano - Ristorante pizzerie,italian restaurant
0,Pizzeria Mezzogiorno,italian restaurant
0,Bella Ciao - Cantina Italiana,italian restaurant
0,Troppo Squisito,italian restaurant
0,Osteria - Cucina di Amici,italian restaurant
0,Sophia - Natural Italian,italian restaurant
0,Gazzo - Cucina & Bar,italian restaurant
0,BellaPasta,italian restaurant
0,In Bocca Al Lupo,italian restaurant
0,Esperança,italian restaurant
0,Visconti Chiado,italian restaurant
0,La Campania,italian restaurant
0,Pizza Misura (A pizza a tua medida),italian restaurant
0,"Restaurante La Tagliatella | Santos, Lisboa",italian restaurant
0,DaVito,italian restaurant
0,Italian Republic,italian restaurant
0,Memoria,italian restaurant
0,Restaurante italiano Il Gattopardo - Lisboa,italian restaurant
0,Pasta House,italian restaurant
0,Ristorante La Squadra,italian restaurant
0,Art Italiana (Pizzeria),italian restaurant
0,Bello Forno,italian restaurant
0,Don Costini (Cais do Sodré),italian restaurant
0,Authentica Pizza Italiana,italian restaurant
0,Tempero Pizza (Arroios),italian restaurant
0,Gandhi Palace,italian restaurant
0,Cucina Avenida Liberdade,italian restaurant
0,Nonna Ristorante Cucina Italiana e Portoghese,italian restaurant
0,Ginos,italian restaurant
0,L'APE Italian Lounge,italian restaurant
0,Allora Restaurante Italiano & Bar,italian restaurant
0,Casanova,italian restaurant
0,Primo Basílico,italian restaurant
0,Nosolo Itália,italian restaurant
0,Castafiore,italian restaurant
0,Ganesha Palace,italian restaurant
0,"Gandhi Palace - Restaurante Indiano & Italiano - Bairro Alto, Lisboa",italian restaurant
0,Pizzeria Romana BIO,italian restaurant
0,Pizza a Metro,italian restaurant
0,Sabores da Baixa,italian restaurant
0,Deliciosa massa caseira fresca italiana e não só,italian restaurant
0,Caja pasta fresca italiana,italian restaurant
0,LA MATTA,italian restaurant
0,Leonetta,italian restaurant
0,Tazza in Giro,italian restaurant
0,Adiyat's Cozinha Restaurant Pizzaria-Kebab E Bar,italian restaurant
0,Castafiore,italian restaurant
0,Prima Pasta,pasta restaurant
0,Al Garage,pasta restaurant
0,La Vita è Bella,pasta restaurant
0,Casanostra,pasta restaurant
0,Tomato Garden Italian Restaurant,pasta restaurant
0,Forno d'Oro,pasta restaurant
0,BellaPasta,pasta restaurant
0,La Piadina,pasta restaurant
0,Jamie's Italian Lisboa,pasta restaurant
0,Il Matriciano,pasta restaurant
0,Pasta House,pasta restaurant
0,Il Mercato,pasta restaurant
0,Sophia - Natural Italian,pasta restaurant
0,Mano a Mano - Ristorante pizzerie,pasta restaurant
0,Pizzeria Mezzogiorno,pasta restaurant
0,Bella Ciao - Cantina Italiana,pasta restaurant
0,Osteria - Cucina di Amici,pasta restaurant
0,Bello Forno,pasta restaurant
0,Troppo Squisito,pasta restaurant
0,Esperança,pasta restaurant
0,Nosolo Itália,pasta restaurant
0,Gazzo - Cucina & Bar,pasta restaurant
0,Memoria,pasta restaurant
0,Fabbrica di Pasta Fresca,pasta restaurant
0,La Trattoria,pasta restaurant
0,DaVito,pasta restaurant
0,La Campania,pasta restaurant
0,Pizza Misura (A pizza a tua medida),pasta restaurant
0,Art Italiana (Pizzeria),pasta restaurant
0,Casanova,pasta restaurant
0,Italian Republic,pasta restaurant
0,Dama E Vagabundo,pasta restaurant
0,Restaurante italiano Il Gattopardo - Lisboa,pasta restaurant
0,Visconti Chiado,pasta restaurant
0,Italian Republic,pasta restaurant
0,"Restaurante La Tagliatella | Santos, Lisboa",pasta restaurant
0,Pizzaria Lisboa,pasta restaurant
0,Il Covo,pasta restaurant
0,Nonna Ristorante Cucina Italiana e Portoghese,pasta restaurant
0,Ristorante La Squadra,pasta restaurant
0,Don Costini (Cais do Sodré),pasta restaurant
0,Tempero Pizza (Arroios),pasta restaurant
0,In Bocca Al Lupo,pasta restaurant
0,Caja pasta fresca italiana,pasta restaurant
0,Authentica Pizza Italiana,pasta restaurant
0,Il Mulino | Restaurante Italiano Lisboa,pasta restaurant
0,Cucina Avenida Liberdade,pasta restaurant
0,Restaurante Irriverente,pasta restaurant
0,L'APE Italian Lounge,pasta restaurant
0,Ginos,pasta restaurant
0,"Gandhi Palace - Restaurante Indiano & Italiano - Bairro Alto, Lisboa",pasta restaurant
0,Il Basilico Lisboa,pasta restaurant
0,Lugar Marcado,pasta restaurant
0,Santa Clara dos Cogumelos,pasta restaurant
0,Altar,pasta restaurant
0,Leonetta,pasta restaurant
0,ZeroZero Príncipe Real,pasta restaurant
0,Castafiore,pasta restaurant
0,Allora Restaurante Italiano & Bar,pasta restaurant
0,Valdo Gatti Pizza Bio,pasta restaurant
0,La Puttana,pasta restaurant
0,Sabores da Baixa,pasta restaurant
0,Gandhi Palace,pasta restaurant
0,Pastaria,pasta restaurant
0,Mezzaluna Italian Restaurant,pasta restaurant
0,Primo Basílico,pasta restaurant
0,Fiammetta,pasta restaurant
0,Canto da vila,pasta restaurant
0,Stasha,pasta restaurant
0,LA MATTA,pasta restaurant
0,Estaminé art food drink,pasta restaurant
0,Alpendre,pasta restaurant
0,Moma,pasta restaurant
0,Tazza in Giro,pasta restaurant
0,Taberna Sal Grosso,pasta restaurant
0,Pizzeria Romana BIO,pasta restaurant
0,Quermesse,pasta restaurant
0,JNcQUOI Avenida,pasta restaurant
0,Gambrinus,pasta restaurant
0,Bastardo,pasta restaurant
0,da Prata 52,pasta restaurant
0,Adiyat's Cozinha Restaurant Pizzaria-Kebab E Bar,pasta restaurant
0,O Coradinho,pasta restaurant
0,Ramiro,pasta restaurant
0,Restaurante IL Carpaccio,pasta restaurant
0,Santa Restaurante & Bar,pasta restaurant
0,Tamarind,pasta restaurant
0,Aprazível,pasta restaurant
0,Taverna Alfacinha,pasta restaurant
0,Oficina do Duque,pasta restaurant
0,The Decadente,pasta restaurant
0,Duk,pasta restaurant
0,O Sopinhas,pasta restaurant
0,Organi Chiado,pasta restaurant
0,Italian Republic,pasta restaurant
0,Restaurant Maria Mil Reis,pasta restaurant
0,A Muralha Tasca Típica Lisboa,pasta restaurant
0,"Maria Limão Brunch, Crepes, Limonadas Lisboa",pasta restaurant
0,A Tendinha do Rossio,pasta restaurant
0,Horácio Trattoria - Gastronomia,pasta restaurant
0,Pizzaria Lisboa,pizza pizaria restaurant
0,Pizzeria Romana BIO,pizza pizaria restaurant
0,La Puttana,pizza pizaria restaurant
0,Lupita Pizzaria,pizza pizaria restaurant
0,Simplesmente Pizza Bar,pizza pizaria restaurant
0,In Bocca Al Lupo,pizza pizaria restaurant
0,ZeroZero Príncipe Real,pizza pizaria restaurant
0,Pizzaria Luzzo,pizza pizaria restaurant
0,Mabiche Pizza Arroios,pizza pizaria restaurant
0,Kumar-Doner Kebab e Pizzeria,pizza pizaria restaurant
0,Primo Basílico,pizza pizaria restaurant
0,Valdo Gatti Pizza Bio,pizza pizaria restaurant
0,Pazzo Pizzeria Artigianale,pizza pizaria restaurant
0,Pizzeria Romana al Taglio,pizza pizaria restaurant
0,Casanova,pizza pizaria restaurant
0,DaVito,pizza pizaria restaurant
0,Pizzeria Mezzogiorno,pizza pizaria restaurant
0,M’arrecreo Pizzeria,pizza pizaria restaurant
0,Jamie Oliver's Pizzeria Lisboa,pizza pizaria restaurant
0,Pizzaria Baldracca,pizza pizaria restaurant
0,Kumar-Doner Kebab e Pizzeria,pizza pizaria restaurant
0,Retrogusto84,pizza pizaria restaurant
0,Mano a Mano - Ristorante pizzerie,pizza pizaria restaurant
0,AL PARMIGIANO Ristorante Pizzeria,pizza pizaria restaurant
0,Memoria,pizza pizaria restaurant
0,madpizza Amoreiras,pizza pizaria restaurant
0,Esperança,pizza pizaria restaurant
0,Pizza Misura (A pizza a tua medida),pizza pizaria restaurant
0,Al Garage,pizza pizaria restaurant
0,Art Italiana (Pizzeria),pizza pizaria restaurant
0,Forno d'Oro,pizza pizaria restaurant
0,La Vita è Bella,pizza pizaria restaurant
0,Duk,pizza pizaria restaurant
0,Pizzaria Luzzo | Graça,pizza pizaria restaurant
0,Pizzaria do Bairro,pizza pizaria restaurant
0,Pizzaria Luzzo | Santos,pizza pizaria restaurant
0,Adiyat's Cozinha Restaurant Pizzaria-Kebab E Bar,pizza pizaria restaurant
0,Anema & Core,pizza pizaria restaurant
0,Dama E Vagabundo,pizza pizaria restaurant
0,Leads Pizza,pizza pizaria restaurant
0,Casanostra,pizza pizaria restaurant
0,Prima Pasta,pizza pizaria restaurant
0,Restaurante e Pizzaria de Vitor Fernandes,pizza pizaria restaurant
0,Don Costini (Cais do Sodré),pizza pizaria restaurant
0,La Trattoria,pizza pizaria restaurant
0,Bello Forno,pizza pizaria restaurant
0,Mundo Gourmet Pizzaria,pizza pizaria restaurant
0,Coppola,pizza pizaria restaurant
0,Tempero Pizza (Arroios),pizza pizaria restaurant
0,PZA Pizza Alla Pala,pizza pizaria restaurant
0,Pizza Adomicilio,pizza pizaria restaurant
0,Sora Lella,pizza pizaria restaurant
0,Jamie's Italian Lisboa,pizza pizaria restaurant
0,Sophia - Natural Italian,pizza pizaria restaurant
0,The Pizza Wizard,pizza pizaria restaurant
0,Troppo Squisito,pizza pizaria restaurant
0,Josefino Pizza,pizza pizaria restaurant
0,pizzeria verdachado,pizza pizaria restaurant
0,Tomato Garden Italian Restaurant,pizza pizaria restaurant
0,Pizza a Pezzi,pizza pizaria restaurant
0,Pizzeria stintino,pizza pizaria restaurant
0,Pizza a Metro,pizza pizaria restaurant
0,Pizza à fatia,pizza pizaria restaurant
0,Forno Emilia,pizza pizaria restaurant
0,Il Matriciano,pizza pizaria restaurant
0,La Campania,pizza pizaria restaurant
0,Italian Republic,pizza pizaria restaurant
0,GOURMET'S PIZZA E KEBAB,pizza pizaria restaurant
0,Papa John’s Portugal,pizza pizaria restaurant
0,Ristorante La Squadra,pizza pizaria restaurant
0,La Pizza di Nanna,pizza pizaria restaurant
0,ZeroZero,pizza pizaria restaurant
0,Il Mercato,pizza pizaria restaurant
0,Veramente Pizza & Vino,pizza pizaria restaurant
0,La Piadina,pizza pizaria restaurant
0,Chaplin Pizza Bar - Lisboa,pizza pizaria restaurant
0,Oh! Sorte,pizza pizaria restaurant
0,Pizza Alif Kebab,pizza pizaria restaurant
0,Authentica Pizza Italiana,pizza pizaria restaurant
0,GLORY BAR,pizza pizaria restaurant
0,Lazzy Graça,pizza pizaria restaurant
0,Il Mulino | Restaurante Italiano Lisboa,pizza pizaria restaurant
0,Il Basilico Lisboa,pizza pizaria restaurant
0,Locanda Italiana,pizza pizaria restaurant
0,Mr. Pizza,pizza pizaria restaurant
0,Bella Ciao - Cantina Italiana,pizza pizaria restaurant
0,Zero Punto (pizzaria),pizza pizaria restaurant
0,BellaPasta,pizza pizaria restaurant
0,Champion Pizza,pizza pizaria restaurant
0,Verdachado Pizzaria,pizza pizaria restaurant
0,Menina e Moça - Pizzaria Healthy Food,pizza pizaria restaurant
0,Visconti Chiado,pizza pizaria restaurant
0,Da Vinci,pizza pizaria restaurant
0,La Rosa Pizzaria,pizza pizaria restaurant
0,Maritaca,pizza pizaria restaurant
0,The Traditional Great Pizza • Mouraria,pizza pizaria restaurant
0,Mr. Pizza Campo de Ourique,pizza pizaria restaurant
0,VIZZA NEW AGE PIZZABAR,pizza pizaria restaurant
0,A Cultura do Hambúrguer,burger restaurant
0,To.B - To burger or not to burger,burger restaurant
0,Hamburgueria do Bairro - Príncipe Real,burger restaurant
0,The Burger Factory,burger restaurant
0,Dallas Burger Joint,burger restaurant
0,Burger Bar & Blues Lisboa,burger restaurant
0,A Burgueria Regional,burger restaurant
0,Hamburguês,burger restaurant
0,Hamburgueria do Bairro - São Bento,burger restaurant
0,Honorato Chiado,burger restaurant
0,Café do Rio - Hamburgueria Gourmet,burger restaurant
0,The Great American Disaster,burger restaurant
0,Santo Graal Burger & Grill,burger restaurant
0,Alfama Wine & Burgers,burger restaurant
0,Hamburgueria Portuguesa by farnel,burger restaurant
0,Hamburgueria No Talho,burger restaurant
0,Burger King,burger restaurant
0,Burger King - Campo de Ourique,burger restaurant
0,Hard Rock Cafe Lisbon,burger restaurant
0,Brown's Bistro,burger restaurant
0,Burger King Marquês Pombal,burger restaurant
0,Mother Burger,burger restaurant
0,Garden Burger,burger restaurant
0,Anfíbio Burger’s,burger restaurant
0,H3 Armazéns do Chiado,burger restaurant
0,Quiosque de Campo de Ourique - Hamburgueria da Parada,burger restaurant
0,Martins Burgers & Fries,burger restaurant
0,Cafe de Rio - Gourmet Burgers,burger restaurant
0,Beef Burguer Bar,burger restaurant
0,York Burger,burger restaurant
0,h3,burger restaurant
0,Green Burger,burger restaurant
0,H3 Campo de Ourique,burger restaurant
0,alfama pizza & burger,burger restaurant
0,BUZZ Burger,burger restaurant
0,C.O.W,burger restaurant
0,Hunger Station,burger restaurant
0,Hamburgueria Burgers and Tacos,burger restaurant
0,RIB - Beef & Wine Lisboa,burger restaurant
0,American Music Burger,burger restaurant
0,O Coradinho,burger restaurant
0,"Garden Burgers - Capiol-Sociedade De Refeições Rapidas, Lda",burger restaurant
0,NAVEGA,burger restaurant
0,Vegan Junkies,burger restaurant
0,Bistrô Gato pardo,burger restaurant
0,Akla,burger restaurant
0,Hottie,burger restaurant
0,h3,burger restaurant
0,Ground burger,burger restaurant
0,O Prego,burger restaurant
0,Collect - Food . Radio . Records,burger restaurant
0,O Canastro,burger restaurant
0,McDonald's Rossio,burger restaurant
0,Bonjardim,burger restaurant
0,Jumboo BuRger,burger restaurant
0,Moma,burger restaurant
0,Cais da Pedra,burger restaurant
0,Can the Can Lisboa,burger restaurant
0,La Puttana,burger restaurant
0,McDonald's,burger restaurant
0,Jamie's Italian Lisboa,burger restaurant
0,O Trevo,burger restaurant
0,Figus,burger restaurant
0,Nosh,burger restaurant
0,IIIMPAR,burger restaurant
0,Graça 77,burger restaurant
0,Restaurante Marco,burger restaurant
0,Kumar-Doner Kebab e Pizzeria,burger restaurant
0,McDonald's,burger restaurant
0,Príncipe do Calhariz,burger restaurant
0,O Carvoeiro,burger restaurant
0,Tasca da Esquina,burger restaurant
0,Pateo - Bairro do Avillez,burger restaurant
0,French Arth,burger restaurant
0,Água,burger restaurant
0,Lumi - Restaurante & Bar,burger restaurant
0,Gin Lovers Bar & Restaurant,burger restaurant
0,Barbica,burger restaurant
0,Vicente,burger restaurant
0,Organi Chiado,burger restaurant
0,Slow,fast_food
0,LX Kebab House,fast_food
0,Burger King - Campo de Ourique,fast_food
0,Burger King,fast_food
0,Best kebab & Pizza house,fast_food
0,PIRAULITO,fast_food
0,Dutch Treat Lisboa,fast_food
0,Tuz Good Food,fast_food
0,Empadaria,fast_food
0,Garden Burger,fast_food
0,Burger King Marquês Pombal,fast_food
0,Vitaminas Garrett,fast_food
0,Hamro Kebab,fast_food
0,Rock Kebab,fast_food
0,SEASON EXPRESSIONS,fast_food
0,McDonald's Rossio,fast_food
0,Eats Delicate Foods,fast_food
0,Casa das Bifanas,fast_food
0,McDonald's,fast_food
0,Beef Burguer Bar,fast_food
0,Senor Mariachi - Campo de Ourique,fast_food
0,As Bifanas do Afonso,fast_food
0,Papa John’s Portugal,fast_food
0,Casa Portuguesa do Pastel de Bacalhau,fast_food
0,Focaccia in Giro,fast_food
0,H3 Campo de Ourique,fast_food
0,Joshua's Shoarma,fast_food
0,bōmau,fast_food
0,Crispy Mafya,fast_food
0,Farturas Gourmet®️,fast_food
0,Selfish,fast_food
0,Hot Dog Lovers,fast_food
0,Mother Burger,fast_food
0,Wok to Walk,fast_food
0,LX Dogs,fast_food
0,Dallas Burger Joint,fast_food
0,h3,fast_food
0,Pasta House,fast_food
0,Lebanese Corner,fast_food
0,Prego Gourmet,fast_food
0,Martins Burgers & Fries,fast_food
0,H3 Armazéns do Chiado,fast_food
0,Bonjardim,fast_food
0,Foxtrot,fast_food
0,Hamburgueria do Bairro - Príncipe Real,fast_food
0,A Tendinha do Rossio,fast_food
0,BBQ Tonight,fast_food
0,Atlantic Kebab,fast_food
0,Kebab House,fast_food
0,Quiosque das Portas do Sol,fast_food
0,Ti-Natércia,fast_food
0,Go Natural,fast_food
0,Atlantic Kebab,fast_food
0,Joshua's Shoarma,fast_food
0,Hamburgueria do Bairro - São Bento,fast_food
0,Pastelaria 1500,fast_food
0,Wok to Walk,fast_food
0,LUZ da ESTRELA,fast_food
0,Resistência Speakeasy,fast_food
0,Pizza a Pezzi,fast_food
0,Portugália,fast_food
0,Olla,fast_food
0,O Prego,fast_food
0,Manifest Lisbon,fast_food
0,Nood,fast_food
0,Kebab Martim Moniz,fast_food
0,The Green Affair - Chiado,fast_food
0,O Trevo,fast_food
0,Chapitô à Mesa,fast_food
0,Honorato Chiado,fast_food
0,Primo Basílico,fast_food
0,Casa Portuguesa do Pastel de Bacalhau,fast_food
0,Rosa da Rua,fast_food
0,Palácio do Kebab,fast_food
0,The Burger Factory,fast_food
0,Tasca Do Marinheiro,fast_food
0,Antónia Petiscos,fast_food
0,Hard Rock Cafe Lisbon,fast_food
0,Food Garden Grill,fast_food
0,Tapa Bucho,tapas restaurant
0,Alto do Bairro,tapas restaurant
0,Tapas n' Friends Sé,tapas restaurant
0,Restaurante Meson Andaluz,tapas restaurant
0,"11 Tapas - Restaurante & Cocktail, WineBar",tapas restaurant
0,da Prata 52,tapas restaurant
0,Leve Leve - Tapas Bar,tapas restaurant
0,Tapas Bar 52,tapas restaurant
0,Tapas n' Friends Trindada,tapas restaurant
0,Bairrices,tapas restaurant
0,Tágide Wine & Tapas Bar,tapas restaurant
0,Tapas Bar 47,tapas restaurant
0,Eating Bear,tapas restaurant
0,Tapa Bucho Gastrobar,tapas restaurant
0,Tapas Do Atlantico,tapas restaurant
0,Tapas Boa Hora,tapas restaurant
0,Taberna Ibérica,tapas restaurant
0,Tapisco Lisboa,tapas restaurant
0,TAPAS 129,tapas restaurant
0,A Muralha Tapas e Vinhos,tapas restaurant
0,RoberTine,tapas restaurant
0,Paráguas Bar Tapas e Petiscos,tapas restaurant
0,CASA DOS AMIGOS,tapas restaurant
0,Roots Restaurante & Tapas Bar,tapas restaurant
0,100 Montaditos,tapas restaurant
0,Olá Lisboa - Tapas & Petiscos,tapas restaurant
0,Taberna Tosca,tapas restaurant
0,Medrosa d'Alfama,tapas restaurant
0,Grau Douro Tapas & Wine Bar,tapas restaurant
0,Tiles Bar,tapas restaurant
0,Restaurante O Tapas,tapas restaurant
0,Porto Alfama,tapas restaurant
0,Tapas n´Friends Chiado,tapas restaurant
0,La Partilla | Tapas & Bar,tapas restaurant
0,Caso Sério,tapas restaurant
0,Dito Cujo Lisboa,tapas restaurant
0,doVigário PubandRecords,tapas restaurant
0,Ache Atalaia Bar & Tapas,tapas restaurant
0,Miss Can,tapas restaurant
0,Quinta do Saloio,tapas restaurant
0,Li28oa,tapas restaurant
0,Café Pit,tapas restaurant
0,Petisqueira Conqvistador,tapas restaurant
0,Há Pitéu,tapas restaurant
0,O Vinhaça,tapas restaurant
0,Original Tapas,tapas restaurant
0,Duque da Rua,tapas restaurant
0,Marcelino Pão & Vinho,tapas restaurant
0,Atípico Restaurant,tapas restaurant
0,Instant Crunch,tapas restaurant
0,O Ninho - café brunch tapas,tapas restaurant
0,Restaurante Consensual,tapas restaurant
0,Tágide,tapas restaurant
0,Madragoa Vinhos e Petiscos,tapas restaurant
0,Espada,tapas restaurant
0,The Little Wine Bar,tapas restaurant
0,Madame Petisca,tapas restaurant
0,Carmo,tapas restaurant
0,Vailávai,tapas restaurant
0,Trobadores - Taberna Medieval,tapas restaurant
0,Taberna da Baixa,tapas restaurant
0,Estaminé art food drink,tapas restaurant
0,Bacalhau com Todos,tapas restaurant
0,A Venda Lusitana,tapas restaurant
0,The Corner Cafe,tapas restaurant
0,Sabores do Chiado,tapas restaurant
0,Taberna da Rua das Flores,tapas restaurant
0,Jam Club,tapas restaurant
0,Tapas do Bairro(Encerrado permanentemente),tapas restaurant
0,Tapa bucho,tapas restaurant
0,Velha Gaiteira,tapas restaurant
0,S,tapas restaurant
0,Armaha Restaurant,tapas restaurant
0,Lisboa Vadia,tapas restaurant
0,Sr. Lisboa,tapas restaurant
0,Antónia Petiscos,tapas restaurant
0,Taberna do Bairro alto,tapas restaurant
0,Sommelier Lisbon,tapas restaurant
0,Lisboa Cheia de Graça,tapas restaurant
0,Grapes & Bites - Hostel and Wines,tapas restaurant
0,Noobai - Rooftop Bar e Restaurante,tapas restaurant
0,Restaurante Terra e Mar Lisboa,tapas restaurant
0,A Obra,tapas restaurant
0,Augusto Lisboa,tapas restaurant
0,Taberna Moderna,tapas restaurant
0,Taberna da Esperança,tapas restaurant
0,Beef Burguer Bar,tapas restaurant
0,Cañas y Tapas,tapas restaurant
0,Ginjinha Popular,tapas restaurant
0,Pateo - Bairro do Avillez,tapas restaurant
0,Maruto,tapas restaurant
0,Rubro Avenida,tapas restaurant
0,Taverna Coração Independente,tapas restaurant
0,Fumeiro de Santa Catarina,tapas restaurant
0,Artis,tapas restaurant
0,Petiscaria Ideal,tapas restaurant
0,Estalagem dos Capotes Brancos,tapas restaurant
0,BytheWine,tapas restaurant
0,Figus,tapas restaurant
0,Pop Out,tapas restaurant
0,Blue Restaurant & Bar,bar
0,Lumi - Restaurante & Bar,bar
0,Love Lisbon Martim Moniz,bar
0,Gin Lovers Bar & Restaurant,bar
0,Café Príncipe Real Restaurante & Cocktail Bar,bar
0,Noobai - Rooftop Bar e Restaurante,bar
0,Silk Club,bar
0,Lost In,bar
0,Trobadores - Taberna Medieval,bar
0,Aché Latino Restaurante Bar,bar
0,Procópio,bar
0,Be Bairro Alto Restaurante e Bar,bar
0,Topo Chiado,bar
0,Mensagem - Restaurante e Bar Panorâmico,bar
0,Mini Bar Theater José Avillez,bar
0,The Decadente,bar
0,TOPO MARTIM MONIZ,bar
0,Jam Club,bar
0,Velha Gaiteira,bar
0,Delirium Café Lisboa,bar
0,Rossio Gastrobar,bar
0,Água De Beber,bar
0,Sommelier Lisbon,bar
0,The Little Wine Bar,bar
0,Foxtrot,bar
0,Outro Tempo Bar,bar
0,Madame Petisca,bar
0,Antiga Wine Bar,bar
0,PeregrinaLX,bar
0,Josephine bistro & bar,bar
0,Restaurant CHULHO & Bar,bar
0,The George,bar
0,Duetos da Sé,bar
0,Monkey Mash,bar
0,"11 Tapas - Restaurante & Cocktail, WineBar",bar
0,Camone Bar,bar
0,Roots Restaurante & Tapas Bar,bar
0,Leve Leve - Tapas Bar,bar
0,Boêmia Bar Restaurante,bar
0,Bar Esquina da Bica,bar
0,Café Klandestino,bar
0,Lisboa Vadia,bar
0,da Prata 52,bar
0,Paráguas Bar Tapas e Petiscos,bar
0,A Tabacaria,bar
0,Grau Douro Tapas & Wine Bar,bar
0,Gazzo - Cucina & Bar,bar
0,Tapas Bar 52,bar
0,Ferroviário,bar
0,Machimbombo,bar
0,El Tacos Mexican & Cocktails Bar ( Bairro Alto),bar
0,Pharmacia,bar
0,Carmo,bar
0,Snooker Club Lisbon,bar
0,Ritz Bar,bar
0,Atípico Restaurant,bar
0,Duque Brewpub,bar
0,Soul - kitchen & bar,bar
0,The Queen Ale - Craft Beer Bar,bar
0,BytheWine,bar
0,RoberTine,bar
0,Lisboa é Linda,bar
0,Dcosta's Shisha & Bar,bar
0,Cheers Irish Pub,bar
0,Eating Bear,bar
0,Medrosa d'Alfama,bar
0,Damas,bar
0,Eva Restaurante e Bar,bar
0,Infame,bar
0,WINE BAR,bar
0,BarAlto,bar
0,Tapas Bar 47,bar
0,Burger Bar & Blues Lisboa,bar
0,Marisqueira M,bar
0,Snob Bar,bar
0,Maruto,bar
0,Moules & Beer,bar
0,O Tainadas Restaurante & Bar,bar
0,CARMO TABERNA PORTUGUESA E WINE BAR,bar
0,Grapes & Bites - Hostel and Wines,bar
0,Tiles Bar,bar
0,Shelter Bar Lisboa,bar
0,The Botanical Den,bar
0,Palácio Chiado,bar
0,Santa Restaurante & Bar,bar
0,Tomés Caffé Bar Petisqueira,bar
0,Maxime Restaurante-Bar,bar
0,Pop Out,bar
0,Tabik Restaurant,bar
0,Japonês Sushi Restaurante,bar
0,Tágide Wine & Tapas Bar,bar
0,NAVEGA,bar
0,Mezzanine,bar
0,Boa-Bao,bar
0,Crafty Corner,bar
0,Mallagueta Bar and Food Lisboa,bar
0,Spot Lisboa,bar
0,Di Marzano Café Vermuteria,bar
0,Groove Bar,bar
0,Manifest Lisbon,brunch
0,Brunch Café,brunch
0,Zenith - Brunch & Cocktails,brunch
0,Dear Breakfast,brunch
0,O Ninho - café brunch tapas,brunch
0,the mill,brunch
0,Noobai - Rooftop Bar e Restaurante,brunch
0,Dear Breakfast,brunch
0,Di Marzano Café Vermuteria,brunch
0,Sítio Valverde,brunch
0,Lumi Rooftop,brunch
0,Kafeine / Avenida da Liberdade,brunch
0,Brick Café Lisboa,brunch
0,Seagull Method cafe,brunch
0,Quase Café,brunch
0,Topo Chiado,brunch
0,"Maria Limão Brunch, Crepes, Limonadas Lisboa",brunch
0,Amélia Lisboa,brunch
0,39 Degraus,brunch
0,JNcQUOI Avenida,brunch
0,Leitaria Lisboa,brunch
0,Queimado,brunch
0,Stanislav Café,brunch
0,Ferroviário,brunch
0,Varanda,brunch
0,Nicolau Lisboa,brunch
0,Brunch in Downtown,brunch
0,Curva,brunch
0,Neighbourhood Cafe Lisboa,brunch
0,Augusto Lisboa,brunch
0,Cotidiano Lisboa,brunch
0,Café O Corvo,brunch
0,Josephine bistro & bar,brunch
0,Café Janis,brunch
0,Fauna & Flora,brunch
0,Royale Café,brunch
0,Machimbombo,brunch
0,Kaffeehaus,brunch
0,Local Healthy Kitchen,brunch
0,Break,brunch
0,BATZ,brunch
0,Basílio,brunch
0,Fauna & Flora- Anjos,brunch
0,Pão de Canela,brunch
0,Infame,brunch
0,Aprazível,brunch
0,Miolo,brunch
0,The Decadente,brunch
0,Leitaria Baiana,brunch
0,Flor de Lis,brunch
0,Manjerica,brunch
0,Audrey´s,brunch
0,A.P. F. Cafe & Restaurant,brunch
0,Instant Crunch,brunch
0,Eight the Health Lounge,brunch
0,Marcelino Pão & Vinho,brunch
0,Tazza in Giro,brunch
0,Cabane,brunch
0,Yallah Lisboa,brunch
0,Dear Breakfast - Alfama,brunch
0,Break Sé,brunch
0,Eat Pray Love Lisboa,brunch
0,Focaccia in Giro,brunch
0,Delidelux Avenida,brunch
0,Açores na Feira,brunch
0,Madame Petisca,brunch
0,Oui Mais Non,brunch
0,Dois Três Três - Gluten free,brunch
0,Tiles Bar,brunch
0,Avocado House Lisbon,brunch
0,"Hello, Kristof",brunch
0,The Whisk Cafe,brunch
0,Raffi's Bagels - Campo de Ourique,brunch
0,Charlot Alfama,brunch
0,Charlie Bistro,brunch
0,Dede's,brunch
0,Lisboa é Linda,brunch
0,CASA DOS AMIGOS,brunch
0,Mensagem - Restaurante e Bar Panorâmico,brunch
0,Wel Well Center,brunch
0,doVigário PubandRecords,brunch
0,Café Garrett by Ohana,brunch
0,Pastelaria Camões,brunch
0,Café do Rio - Hamburgueria Gourmet,brunch
0,"Arts Cafe, Event Venue",brunch
0,Água no Bico,brunch
0,Tings Lounge,brunch
0,Mimo de Alfama,brunch
0,Copenhagen Coffee Lab & Bakery,brunch
0,Blue Restaurant & Bar,brunch
0,Mercearia do Século,brunch
0,Union Portugal,brunch
0,The Green Affair - Chiado,brunch
0,Yard of Greens,brunch
0,O Botanista / Orteá Vegan Collective,brunch
0,BAHR & Terrace,brunch
0,Mercearia da Mila,brunch
0,Copenhagen Coffee Lab - Campo de Santa Clara,brunch
0,Gosta do Castelo Brunch,brunch
0,"Sumaya, Mesa Libanesa",brunch
0,Mesa de Frades,fado restaurant
0,Clube de Fado - Fado & Food Group,fado restaurant
0,Sr. Fado,fado restaurant
0,Fado em Si,fado restaurant
0,Café Luso,fado restaurant
0,Parreirinha de Alfama,fado restaurant
0,Casa de Linhares (Fado),fado restaurant
0,Maria da Mouraria - Casa de Fados,fado restaurant
0,O FAIA,fado restaurant
0,A Viela do Fado,fado restaurant
0,Guitarras de Lisboa,fado restaurant
0,O Corrido – Casa de Fado,fado restaurant
0,Restaurante Fado ao Carmo,fado restaurant
0,A Baiuca,fado restaurant
0,A Travessa do Fado (Museu do Fado),fado restaurant
0,Adega Machado,fado restaurant
0,Pastel do Fado,fado restaurant
0,Casa de Fado,fado restaurant
0,Alfama Fado Restaurant,fado restaurant
0,Royal Fado Restaurant,fado restaurant
0,Ferrary,pastry pasteleria bakery patisserie cake dessert
0,Manteigaria Fábrica de Pastéis de Nata,pastry pasteleria bakery patisserie cake dessert
0,Pau de Canela,pastry pasteleria bakery patisserie cake dessert
0,Pastelaria Orion,pastry pasteleria bakery patisserie cake dessert
0,Confeitaria Nacional,pastry pasteleria bakery patisserie cake dessert
0,Pastelaria Santo António (castelo São Jorge),pastry pasteleria bakery patisserie cake dessert
0,Alva,pastry pasteleria bakery patisserie cake dessert
0,Pâtisserie Dacquoise,pastry pasteleria bakery patisserie cake dessert
0,Centro Ideal da Graça,pastry pasteleria bakery patisserie cake dessert
0,Confeitaria Marquês de Pombal,pastry pasteleria bakery patisserie cake dessert
0,Pastelaria 1800,pastry pasteleria bakery patisserie cake dessert
0,Padaria de São Roque,pastry pasteleria bakery patisserie cake dessert
0,Fábrica da Nata - Pastéis de Nata,pastry pasteleria bakery patisserie cake dessert
0,Doce Real,pastry pasteleria bakery patisserie cake dessert
0,PAUL - Rua Augusta,pastry pasteleria bakery patisserie cake dessert
0,Manteigaria - Fábrica de Pastéis de Nata,pastry pasteleria bakery patisserie cake dessert
0,A Padaria Portuguesa,pastry pasteleria bakery patisserie cake dessert
0,Alcôa,pastry pasteleria bakery patisserie cake dessert
0,A Padaria Portuguesa,pastry pasteleria bakery patisserie cake dessert
0,Pastelaria Flor do Mundo,pastry pasteleria bakery patisserie cake dessert
0,Café Gelo,pastry pasteleria bakery patisserie cake dessert
0,Pastelaria Continental Lda,pastry pasteleria bakery patisserie cake dessert
0,A Padaria do Papa Poule,pastry pasteleria bakery patisserie cake dessert
0,A Padaria Portuguesa,pastry pasteleria bakery patisserie cake dessert
0,Cantinho da sé,pastry pasteleria bakery patisserie cake dessert
0,Pastelaria Benard,pastry pasteleria bakery patisserie cake dessert
0,Sacolinha Pastelaria e Padaria,pastry pasteleria bakery patisserie cake dessert
0,Alfama Doce,pastry pasteleria bakery patisserie cake dessert
0,L'Éclair,pastry pasteleria bakery patisserie cake dessert
0,Fábrica da Nata (Rua Augusta),pastry pasteleria bakery patisserie cake dessert
0,A Padaria Portuguesa,pastry pasteleria bakery patisserie cake dessert
0,A Padaria Portuguesa,pastry pasteleria bakery patisserie cake dessert
0,Saga,pastry pasteleria bakery patisserie cake dessert
0,Ceres Boulangerie,pastry pasteleria bakery patisserie cake dessert
0,A Padaria Portuguesa,pastry pasteleria bakery patisserie cake dessert
0,Balcão do Marquês,pastry pasteleria bakery patisserie cake dessert
0,A Tentação,pastry pasteleria bakery patisserie cake dessert
0,Eric Kayser,pastry pasteleria bakery patisserie cake dessert
0,Tentaçoes de Canela,pastry pasteleria bakery patisserie cake dessert
0,A Pousadinha (Cais Sodré) - Doçaria Conventual,pastry pasteleria bakery patisserie cake dessert
0,Casa dos Ovos Moles em Lisboa,pastry pasteleria bakery patisserie cake dessert
0,A Padaria Portuguesa,pastry pasteleria bakery patisserie cake dessert
0,Baga,pastry pasteleria bakery patisserie cake dessert
0,A Padaria Portuguesa,pastry pasteleria bakery patisserie cake dessert
0,Vontadinhas,pastry pasteleria bakery patisserie cake dessert
0,Leitaria da Quinta do Paço,pastry pasteleria bakery patisserie cake dessert
0,Moon boulangerie,pastry pasteleria bakery patisserie cake dessert
0,Tebas,pastry pasteleria bakery patisserie cake dessert
0,A Padaria Portuguesa,pastry pasteleria bakery patisserie cake dessert
0,A Padaria Portuguesa,pastry pasteleria bakery patisserie cake dessert
0,A Padaria Portuguesa,pastry pasteleria bakery patisserie cake dessert
0,O Bolo da Marta,pastry pasteleria bakery patisserie cake dessert
0,A Padaria Portuguesa,pastry pasteleria bakery patisserie cake dessert
0,A Padaria Portuguesa,pastry pasteleria bakery patisserie cake dessert
0,Doces Teresa Pyrrait,pastry pasteleria bakery patisserie cake dessert
0,Moon boulangerie,pastry pasteleria bakery patisserie cake dessert
0,Mercearia Castello,pastry pasteleria bakery patisserie cake dessert
0,Pão de Canela,pastry pasteleria bakery patisserie cake dessert
0,Atalho Real,grill barbecue steak restaurant
0,Sabor Gaucho Chiado,grill barbecue steak restaurant
0,Block House,grill barbecue steak restaurant
0,Churrasqueira Central Santa Bárbara,grill barbecue steak restaurant
0,Alfama Grill,grill barbecue steak restaurant
0,Hard Rock Cafe,grill barbecue steak restaurant
0,Han - Table Barbecue,grill barbecue steak restaurant
0,Kumar Churrasqueira,grill barbecue steak restaurant
0,RIB - Beef & Wine Lisboa,grill barbecue steak restaurant
0,Grilled And Company,grill barbecue steak restaurant
0,Restaurante O Churrasco,grill barbecue steak restaurant
0,BBQ Tonight,grill barbecue steak restaurant
0,Frangasqueira Nacional,grill barbecue steak restaurant
0,K.O.B,grill barbecue steak restaurant
0,The Grill Club kabab-Grill Restaurant,grill barbecue steak restaurant
0,Moma,grill barbecue steak restaurant
0,Há Pitéu,grill barbecue steak restaurant
0,Taberna do Lopes First Floor,grill barbecue steak restaurant
0,La Paparrucha,grill barbecue steak restaurant
0,Fogo de Chão,grill barbecue steak restaurant
0,The Grill Club,grill barbecue steak restaurant
0,Carmo Restaurant & Bar,grill barbecue steak restaurant
0,Restaurante Gambrinus,grill barbecue steak restaurant
0,Sommelier Lisbon,grill barbecue steak restaurant
0,Spicy,grill barbecue steak restaurant
0,OTRO restaurante,grill barbecue steak restaurant
0,Churrasqueira 100 Palavras,grill barbecue steak restaurant
0,Restaurante Mar ao Largo,grill barbecue steak restaurant
0,Os Cabaças,grill barbecue steak restaurant
0,As Salgadeiras,grill barbecue steak restaurant
0,"Yakuza by Olivier, Lisboa",grill barbecue steak restaurant
0,Restaurante Rio Grande,grill barbecue steak restaurant
0,Café Buenos Aires,grill barbecue steak restaurant
0,Ofício - Tasco Atípico,grill barbecue steak restaurant
0,Sol Brasil,grill barbecue steak restaurant
0,Taj Mahal Restaurant,grill barbecue steak restaurant
0,Xburger-Grill&Kebab,grill barbecue steak restaurant
0,Al Garage,grill barbecue steak restaurant
0,Chapitô à Mesa,grill barbecue steak restaurant
0,Churrasqueira da Paz,grill barbecue steak restaurant
0,Eight - The Health Lounge,veggie healthy vegan restaurant
0,Organi Chiado,veggie healthy vegan restaurant
0,Ao 26,veggie healthy vegan restaurant
0,O Botanista / Orteá Vegan Collective,veggie healthy vegan restaurant
0,Vegan Junkies,veggie healthy vegan restaurant
0,PSI,veggie healthy vegan restaurant
0,daTerra Bairro Alto,veggie healthy vegan restaurant
0,The Food Temple,veggie healthy vegan restaurant
0,Jardim das Cerejas,veggie healthy vegan restaurant
0,Jardim dos Sentidos,veggie healthy vegan restaurant
0,Os Tibetanos,veggie healthy vegan restaurant
0,Graça 77,veggie healthy vegan restaurant
0,InkFarmFood - Organic food & juices. Israeli Cuisine,veggie healthy vegan restaurant
0,Princesa do Castelo,veggie healthy vegan restaurant
0,The Green Affair - Chiado,veggie healthy vegan restaurant
0,Bomercado,veggie healthy vegan restaurant
0,Healthy V.,veggie healthy vegan restaurant
0,Kong - Food Made With Compassion,veggie healthy vegan restaurant
0,Legumi Sushi Vegan,veggie healthy vegan restaurant
0,Plant Base,veggie healthy vegan restaurant
0,Vegan,veggie healthy vegan restaurant
0,Focaccia in Giro,veggie healthy vegan restaurant
0,Chutnify Principe Real,veggie healthy vegan restaurant
0,Zenith,veggie healthy vegan restaurant
0,Tamarind,veggie healthy vegan restaurant
0,YAO Pressed Juicery,veggie healthy vegan restaurant
0,Tribo da Terra,veggie healthy vegan restaurant
0,New Himalaia,veggie healthy vegan restaurant
0,Yallah Lisboa,veggie healthy vegan restaurant
0,Tantura,veggie healthy vegan restaurant
0,Hamburgueria do Bairro - Príncipe Real,veggie healthy vegan restaurant
0,Ganesha Palace,veggie healthy vegan restaurant
0,KOPPU RAMEN,veggie healthy vegan restaurant
0,Restaurante Consensual,veggie healthy vegan restaurant
0,A Venda Lusitana,veggie healthy vegan restaurant
0,Cotidiano Lisboa,veggie healthy vegan restaurant
0,Calcuta,veggie healthy vegan restaurant
0,Swaagat The Taste of India,veggie healthy vegan restaurant
0,Hard Rock Cafe Lisbon,veggie healthy vegan restaurant
0,Armaha Restaurant,veggie healthy vegan restaurant
0,Guacamole,veggie healthy vegan restaurant
0,Nood,veggie healthy vegan restaurant
0,Santa Clara dos Cogumelos,veggie healthy vegan restaurant
0,HAWAII POKE-IN,veggie healthy vegan restaurant
0,Paladarium,veggie healthy vegan restaurant
0,Fauna & Flora,veggie healthy vegan restaurant
0,Yambu Restaurant,veggie healthy vegan restaurant
0,doVigário PubandRecords,veggie healthy vegan restaurant
0,"Maria Limão Brunch, Crepes, Limonadas Lisboa",veggie healthy vegan restaurant
0,A Cevicheria,veggie healthy vegan restaurant
0,Best kebab & Pizza house,veggie healthy vegan restaurant
0,Cantinho do Aziz,veggie healthy vegan restaurant
0,Yak & Yeti,veggie healthy vegan restaurant
0,3 Amigos,veggie healthy vegan restaurant
0,Machimbombo,veggie healthy vegan restaurant
0,Royal Spice Restaurante,veggie healthy vegan restaurant
0,KAYA - Coffee & Organic Hair Concept,veggie healthy vegan restaurant
0,VeganBuffet,veggie healthy vegan restaurant
0,Água no Bico,veggie healthy vegan restaurant
0,Basílio,veggie healthy vegan restaurant
0,In Bocca Al Lupo,veggie healthy vegan restaurant
0,French Arth,veggie healthy vegan restaurant
0,Cabane,veggie healthy vegan restaurant
0,Lisbon cafe & kebab house,veggie healthy vegan restaurant
0,Kebabish PT,veggie healthy vegan restaurant
0,Valdo Gatti Pizza Bio,veggie healthy vegan restaurant
0,Eating Bear,veggie healthy vegan restaurant
0,Pizzeria Romana BIO,veggie healthy vegan restaurant
0,The Decadente,veggie healthy vegan restaurant
0,Brick Cafe Lisboa,veggie healthy vegan restaurant
0,Tulsi Restaurant,veggie healthy vegan restaurant
0,Café Garrett by Ohana,veggie healthy vegan restaurant
0,Lost In,veggie healthy vegan restaurant
0,Boa-Bao,veggie healthy vegan restaurant
0,Il Basilico Lisboa,veggie healthy vegan restaurant
0,Vitaminas Garrett,veggie healthy vegan restaurant
0,Guilty,veggie healthy vegan restaurant
0,Quase Café,veggie healthy vegan restaurant
0,the mill,veggie healthy vegan restaurant
0,da Prata 52,veggie healthy vegan restaurant
0,Tasca Kome,japanese restaurant
0,Avenida SushiCafé,japanese restaurant
0,Japonês Sushi Restaurante,japanese restaurant
0,Bonsai,japanese restaurant
0,Unique Sushi Lab,japanese restaurant
0,Confraria LX,japanese restaurant
0,"Yakuza by Olivier, Lisboa",japanese restaurant
0,Hikidashi,japanese restaurant
0,Restaurante Suntory Exotic Japanese Fusion,japanese restaurant
0,Sushi Cafe,japanese restaurant
0,Sushi dos Sá Morais,japanese restaurant
0,Nui Sushi & Thai bar,japanese restaurant
0,Hanami Sushi Tivoli Forum,japanese restaurant
0,Miss Jappa,japanese restaurant
0,Kiku,japanese restaurant
0,Nui Sushi & Bar,japanese restaurant
0,Noori Sushi,japanese restaurant
0,Wakame Sushi Ten,japanese restaurant
0,Buddha Sushi,japanese restaurant
0,Tribo Sushi Bar,japanese restaurant
0,Best Sushi And Poke Restaurant,japanese restaurant
0,KOPPU RAMEN,japanese restaurant
0,Sushi Korner,japanese restaurant
0,Sushi do Bairro,japanese restaurant
0,Sekai Sushi bar,japanese restaurant
0,ONI Japanese Restaurant,japanese restaurant
0,KATANA SUSHI,japanese restaurant
0,Mattë Lisboa,japanese restaurant
0,Kingyo Sushi,japanese restaurant
0,Oishi Sushi,japanese restaurant
0,Sushisan Lisbon,japanese restaurant
0,Sushi Suisen,japanese restaurant
0,Afuri,japanese restaurant
0,Ola sushi,japanese restaurant
0,OnigiriA,japanese restaurant
0,Sushi-Away,japanese restaurant
0,Sea Me Peixaria Moderna,japanese restaurant
0,Daimoku Sushi & Grill Restaurant,japanese restaurant
0,SUSHIGIRO,japanese restaurant
0,Ikigai Japanese Restaurant,japanese restaurant
0,Sushi-Away,japanese restaurant
0,Confraria - sushi do Mercado,japanese restaurant
0,Sushi Shop,japanese restaurant
0,TSUBAKI MARQUÊS,japanese restaurant
0,Silk Club,japanese restaurant
0,Sushisan Santos,japanese restaurant
0,Nikitta Sushi & Wine Bar,japanese restaurant
0,KOPPU RAMEN + IZAKAYA,japanese restaurant
0,Izakaya Sao Bento,japanese restaurant
0,Nómada - Chiado,japanese restaurant
0,Kapitan Ramen Bistro,japanese restaurant
0,Angels proportion,japanese restaurant
0,Noori,japanese restaurant
0,by Koji Lisboa,japanese restaurant
0,Reino dos Sabores,japanese restaurant
0,Shun - Open Kitchen,japanese restaurant
0,Legumi Sushi Vegan,japanese restaurant
0,Sushima,japanese restaurant
0,Yabai!,japanese restaurant
0,Nood,japanese restaurant
0,KŌJI,japanese restaurant
0,KABUKI LISBOA,japanese restaurant
0,Sushitako,japanese restaurant
0,O Japonês,japanese restaurant
0,JNcQUOI Asia,japanese restaurant
0,Soi,japanese restaurant
0,Azia Asian Restaurant,japanese restaurant
0,Yak & Yeti,japanese restaurant
0,"LOOP restaurante, café, mercearia",japanese restaurant
0,Japan Lab,japanese restaurant
0,KIN,japanese restaurant
0,Ramen Bambu Lisboa,japanese restaurant
0,SushiCome,japanese restaurant
0,Gyoza Bar,japanese restaurant
0,Sushi Buffet,japanese restaurant
0,Restaurante Oishii,japanese restaurant
0,Ritz Bar,japanese restaurant
0,Moshi Moshi - DIY Vegetarian Ramen,japanese restaurant
0,Bonsai,japanese restaurant
0,Go Juu,japanese restaurant
0,Tsubaki,japanese restaurant
0,KAI,japanese restaurant
0,"Yakuza by Olivier, Lisboa",japanese restaurant
0,Kiku,japanese restaurant
0,Hikidashi,japanese restaurant
0,Restaurante Japonês - SUSHI TIME,japanese restaurant
0,AronSushi,japanese restaurant
0,KATANA SUSHI,japanese restaurant
0,Hanami Sushi Tivoli Forum,japanese restaurant
0,Mattë Lisboa,japanese restaurant
0,Restaurante Suntory Exotic Japanese Fusion,japanese restaurant
0,Sushisan Lisbon,japanese restaurant
0,Maizakura,japanese restaurant
0,Japonês Sushi Restaurante,japanese restaurant
0,Miss Jappa,japanese restaurant
0,Osaka - Japonese Restaurant,japanese restaurant
0,Oshiki sushi bar,japanese restaurant
0,Kingyo Sushi,japanese restaurant
0,Yabai!,japanese restaurant
0,KŌJI,japanese restaurant
0,Nikitta Sushi & Wine Bar,japanese restaurant
0,Buddha Sushi,japanese restaurant
0,Sushi dos Sá Morais,japanese restaurant
0,Noori Sushi,japanese restaurant
0,by Koji Lisboa,japanese restaurant
0,ONI Japanese Restaurant,japanese restaurant
0,Tribo Sushi Bar,japanese restaurant
0,Daimoku Sushi & Grill Restaurant,japanese restaurant
0,OnigiriA,japanese restaurant
0,Avenida SushiCafé,japanese restaurant
0,Afuri,japanese restaurant
0,Sushi Cafe,japanese restaurant
0,Izakaya Sao Bento,japanese restaurant
0,Nui Sushi & Thai bar,japanese restaurant
0,Sushi Suisen,japanese restaurant
0,Ola sushi,japanese restaurant
0,KABUKI LISBOA,japanese restaurant
0,Kapitan Ramen Bistro,japanese restaurant
0,Sushitako,japanese restaurant
0,Nood,japanese restaurant
0,Sushicome Martim Moniz,japanese restaurant
0,Japan Lab,japanese restaurant
0,Legumi Sushi Vegan,japanese restaurant
0,JNcQUOI Asia,japanese restaurant
0,Moshi Moshi - DIY Vegetarian Ramen,japanese restaurant
0,Ramen Bambu Lisboa,japanese restaurant
0,Soi,japanese restaurant
0,SushiCome,japanese restaurant
0,Sea Me Peixaria Moderna,japanese restaurant
0,Sushi Buffet,japanese restaurant
0,Origami Sushi Bar - Restaurante,japanese restaurant
0,KIN,japanese restaurant
0,Azia Asian Restaurant,japanese restaurant
0,Yak & Yeti,japanese restaurant
0,"LOOP restaurante, café, mercearia",japanese restaurant
0,La Terrasse,japanese restaurant
0,Restaurante Oishii,japanese restaurant
0,Panda Cantina,japanese restaurant
0,Boa-Bao,japanese restaurant
0,K.O.B,japanese restaurant
0,Hua Ta Li Chinese Restaurant,japanese restaurant
0,Ritz Bar,japanese restaurant
0,Cantinho do Aziz,african restaurant
0,Restaurante Aicha (African food),african restaurant
0,Casa Mocambo,african restaurant
0,Roda Viva,african restaurant
0,Casa de Angola,african restaurant
0,Kwá Dóxi,african restaurant
0,O Amoraria,african restaurant
0,Palanca Gigante,african restaurant
0,Mesa Kreol,african restaurant
0,Tas'ka,african restaurant
0,Papa Chidera Nigeria Restaurant,african restaurant
0,Batata Doce,african restaurant
0,#Treestory,african restaurant
0,Restaurante Anastácia - Sabores Africanos,african restaurant
0,Tambarina,african restaurant
0,Flor da Laranja,african restaurant
0,Taste of Pakistan,african restaurant
0,Allfama Portuguese Cuisine,african restaurant
0,Centenarivm,african restaurant
0,Flor da Laranja,moroccan restaurant
0,Boa-Bao,asian thai vietnamese chinese restaurant
0,Azia Asian Restaurant,asian thai vietnamese chinese restaurant
0,Goethe Café,european restaurant
0,Sommelier Lisbon,european restaurant
0,Kaffeehaus,european restaurant
0,Bistro Edelweiss,european restaurant
0,Bistro 100 Maneiras,european restaurant
0,Lisbon You and Me,european restaurant
0,Lisboète,european restaurant
0,Madragoa Café,european restaurant
0,Tasca da Esquina,european restaurant
0,Âmago,european restaurant
0,Flor da Laranja,european restaurant
0,Comaká,european restaurant
0,Estórias na Casa da Comida,european restaurant
0,Paralelo 45,european restaurant
0,Varanda Restaurant,european restaurant
0,Cafeh Tehran,european restaurant
0,Restaurant,european restaurant
0,Stanislav Café,european restaurant
0,Restaurant International,european restaurant
0,Blue Restaurant & Bar,european restaurant
0,Alma,european restaurant
0,Adega Dom Luis,european restaurant
0,Khayyam Persian restaurant,european restaurant
0,Gambrinus,european restaurant
0,Armaha Restaurant,european restaurant
0,Tavares,european restaurant
0,Lisboa à Noite,european restaurant
0,Manny's Place Lisbon,european restaurant
0,Loco,european restaurant
0,Martinho da Arcada,european restaurant
0,Paladarium,european restaurant
0,Augusto Lisboa,european restaurant
0,Sucolento,european restaurant
0,Andorra,european restaurant
0,Parreirinha de Alfama,european restaurant
0,Terras Gerais Bistro,european restaurant
0,Ramiro,european restaurant
0,As Salgadeiras,european restaurant
0,A Cevicheria,european restaurant
0,Tágide,european restaurant
0,Essencial,european restaurant
0,Le Petit Café,european restaurant
0,Leão d'Ouro,european restaurant
0,Epur,european restaurant
0,Sr. Fado,european restaurant
0,Restaurante Cervejaria Lisboa Portugal,european restaurant
0,Season,european restaurant
0,Piri-Piri,european restaurant
0,Eating Bear,european restaurant
0,Restaurante Rodas,european restaurant
0,1º de Maio,european restaurant
0,São Jorge,european restaurant
0,A Parreirinha do Paraíso,european restaurant
0,Bistrô4,european restaurant
0,Bistrô Gato pardo,european restaurant
0,Nicola,european restaurant
0,Santelmo,european restaurant
0,Cascais Remo,european restaurant
0,Grenache,european restaurant
0,Alto Minho,european restaurant
0,As Velhas,european restaurant
0,Tapas n' Friends Sé,european restaurant
0,Comidas de Santiago,european restaurant
0,Taberna - Bairro do Avillez,european restaurant
0,Frade dos Mares,european restaurant
0,Oficina do Duque,european restaurant
0,El-Rei Dom Frango,european restaurant
0,Versículo d'O Faia,european restaurant
0,Casa Portuguesa do Pastel de Bacalhau,european restaurant
0,RD's Restaurante and cafe,european restaurant
0,Restaurante Rio Grande,european restaurant
0,Planeta dos Temperos,european restaurant
0,O Português Chiado,european restaurant
0,Needle in a haystack,european restaurant
0,Sushi Muji,european restaurant
0,Crisfama,european restaurant
0,Babete,european restaurant
0,Belcanto,european restaurant
0,Ofício,european restaurant
0,Hard Rock Cafe Lisbon,european restaurant
0,JNcQUOI Avenida,european restaurant
0,Mensagem - Restaurante e Bar Panorâmico,european restaurant
0,Royale Café,european restaurant
0,"Yakuza by Olivier, Lisboa",european restaurant
0,Gurkha Restaurant & Bar (São Bento),european restaurant
0,Clube de Jornalistas,european restaurant
0,A Nossa Casa,european restaurant
0,Sabor a Lisboa,european restaurant
0,Mandala De Sabores,european restaurant
0,French Arth,european restaurant
0,O Prego,european restaurant
0,Café de São Bento,european restaurant
0,ristorante a severa,european restaurant
0,Estaminé art food drink,european restaurant
0,A Taberna Do Mar,european restaurant
0,Carmo,european restaurant
0,Rio Coura,european restaurant
0,Pão de Canela,european restaurant
0,Figus,european restaurant
0,Taberna Sal Grosso,european restaurant
0,Gurkha Restaurant & Bar (São Bento),indian nepalese restaurant
0,Darshan Nepal Restaurante,indian nepalese restaurant
0,Sanskar Nepal,indian nepalese restaurant
0,Yak & Yeti,indian nepalese restaurant
0,Lumbini Restaurant,indian nepalese restaurant
0,Miteri restaurant,indian nepalese restaurant
0,Olá Nepal,indian nepalese restaurant
0,New Himalaia,indian nepalese restaurant
0,New Manakamana,indian nepalese restaurant
0,Olá Kathmandu,indian nepalese restaurant
0,Hamro Munal Restaurant,indian nepalese restaurant
0,Everest Montanha,indian nepalese restaurant
0,Everest Nepal,indian nepalese restaurant
0,Annapurna,indian nepalese restaurant
0,Leo Restaurant,indian nepalese restaurant
0,Restaurante Aagan,indian nepalese restaurant
0,Sagarmatha Momo,indian nepalese restaurant
0,RD's Restaurante and cafe,indian nepalese restaurant
0,"Miteri Restarant 2 comida nepalesa ,indiana e vegetarian",indian nepalese restaurant
0,Yambu Restaurant,indian nepalese restaurant
0,Bengal Tandoori - Restaurante Indiano Lisbon,indian nepalese restaurant
0,Tandoori Palace Restaurante Comida Indiana,indian nepalese restaurant
0,Sabor do Nepal ( tipical Himalayan foods),indian nepalese restaurant
0,Calcuta,indian nepalese restaurant
0,"Gandhi Palace - Restaurante Indiano & Italiano - Bairro Alto, Lisboa",indian nepalese restaurant
0,Swayambhu House,indian nepalese restaurant
0,Natraj Tandoori,indian nepalese restaurant
0,Ganesha Palace,indian nepalese restaurant
0,Natraj Tandoori Rato,indian nepalese restaurant
0,Royal Spice Restaurante,indian nepalese restaurant
0,Kerala,indian nepalese restaurant
0,India gate,indian nepalese restaurant
0,Spicy,indian nepalese restaurant
0,Spice Hut Tandoori,indian nepalese restaurant
0,Cinnamon Restaurante Indiano,indian nepalese restaurant
0,Tamarind,indian nepalese restaurant
0,OVEN LISBOA,indian nepalese restaurant
0,Ghoroa,indian nepalese restaurant
0,Restaurante Diyalo,indian nepalese restaurant
0,Maharaja,indian nepalese restaurant
0,Caxemira,indian nepalese restaurant
0,Indiana,indian nepalese restaurant
0,Swaagat The Taste of India,indian nepalese restaurant
0,Tandoori,indian nepalese restaurant
0,Love Lisbon Martim Moniz,indian nepalese restaurant
0,Restaurant CHULHO & Bar,indian nepalese restaurant
0,O Sitar,indian nepalese restaurant
0,Tulsi Restaurant,indian nepalese restaurant
0,Chutnify Principe Real,indian nepalese restaurant
0,Tasca Do Marinheiro,indian nepalese restaurant
0,Chillis Bangladesh Indian Restaurant Curry House,indian nepalese restaurant
0,Restaurante Casa da Índia,indian nepalese restaurant
0,Everest Montanha,indian nepalese restaurant
0,Biriyani Palace,indian nepalese restaurant
0,Restaurante Café e Grill Tradicional Indiano e Português,indian nepalese restaurant
0,Haweli Tandoori,indian nepalese restaurant
0,Tentações de Goa,indian nepalese restaurant
0,Cinnamon Indian Tapas Bar,indian nepalese restaurant
0,Zuari,indian nepalese restaurant
0,Taste of Punjab,indian nepalese restaurant
0,Sherpa Mo Mo,indian nepalese restaurant
0,Miteri Restaurant & Rodhi Ghar,indian nepalese restaurant
0,Sabores de Goa,indian nepalese restaurant
0,Jardim das Cerejas,indian nepalese restaurant
0,Bala,indian nepalese restaurant
0,Sumaya,indian nepalese restaurant
0,A Cevicheria,indian nepalese restaurant
0,Flor da Laranja,indian nepalese restaurant
0,Lost In,indian nepalese restaurant
0,sajna lebanese cafe,indian nepalese restaurant
0,Mr Asia Restaurante,indian nepalese restaurant
0,Trinca,indian nepalese restaurant
0,Hua Ta Li Chinese Restaurant,indian nepalese restaurant
0,4s Burger House,indian nepalese restaurant
0,A Cevicheria,preuvian mexican argentinian restaurant
0,La Paparrucha,preuvian mexican argentinian restaurant
0,Aché Latino Restaurante Bar,preuvian mexican argentinian restaurant
0,Taqueria by Espada,preuvian mexican argentinian restaurant
0,3 Amigos,preuvian mexican argentinian restaurant
0,Taco Locoo,preuvian mexican argentinian restaurant
0,Ofício,preuvian mexican argentinian restaurant
0,Ramiro,preuvian mexican argentinian restaurant
0,Taqueria do Cais,preuvian mexican argentinian restaurant
0,Bonjardim,preuvian mexican argentinian restaurant
0,Belcanto,preuvian mexican argentinian restaurant
0,Fumeiro de Santa Catarina,preuvian mexican argentinian restaurant
0,O Caracol,preuvian mexican argentinian restaurant
0,Cervejaria Trindade,preuvian mexican argentinian restaurant
0,Poké Bowls,preuvian mexican argentinian restaurant
0,The Lumiares Hotel & Spa,preuvian mexican argentinian restaurant
0,Selina Secret Garden & Cowork,preuvian mexican argentinian restaurant
0,The bistro.chic,bistro
0,Restaurante Bistro Xapuri,bistro
0,Bistrô Gato pardo,bistro
0,Charlie Bistro,bistro
0,Bistro 100 Maneiras,bistro
0,Bistro Edelweiss,bistro
0,Bistrô Augusta,bistro
0,Porter,bistro
0,Bichomau,bistro
0,Bistrô4,bistro
0,Do Alemão | Bistrô & Café,bistro
0,Terras Gerais Bistro,bistro
0,Bistrô Crioulo,bistro
0,Bistrôa,bistro
0,Rendez Vous Bistro,bistro
0,Caffé Bistro,bistro
0,"Restaurante ""Le Consulat Bistrô""",bistro
0,Brown's Bistro,bistro
0,Josephine bistro & bar,bistro
0,Maruto,bistro
0,Bistrot Le Café,bistro
0,Restaurante Consensual,bistro
0,Crossroad10 - Fusion-Bistro,bistro
0,As Ladras,bistro
0,Albertos Bistro,bistro
0,Brown's Brasserie,bistro
0,La Brasserie de l'Entrecôte,bistro
0,"Restaurante Bistro - Risorel-Actividade Hoteleira E Turistica,Lda.",bistro
0,Estaminé art food drink,bistro
0,Café Janis,bistro
0,VDB Bistronomie,bistro
0,Kapitan Ramen Bistro,bistro
0,Restaurante 100 Maneiras,bistro
0,COUCOU,bistro
0,Café O Corvo,bistro
0,Lisbon You and Me,bistro
0,O Português Chiado,bistro
0,Tasca do Francês,bistro
0,Le Petit Café,bistro
0,Restaurante 100 Maneiras,bistro
0,Paralelo 45,bistro
0,Castafiore,bistro
0,Taberna - Bairro do Avillez,bistro
0,Pateo - Bairro do Avillez,bistro
0,Soul - kitchen & bar,bistro
0,Hard Rock Cafe Lisbon,bistro
0,Gazzo - Cucina & Bar,bistro
0,Remi - Bistro Italiano 🍕 🍹 ☕🍰,bistro
0,Canto da vila,bistro
0,Sabella Cafe. Jorge Manuel Carona Baixinho,bistro
0,Il Basilico Lisboa,bistro
0,A.P. F. Cafe & Restaurant,bistro
0,Tágide,bistro
0,Royale Café,bistro
0,Antikuario Cafe,bistro
0,Crouton,bistro
0,Manifest Lisbon,bistro
0,OTRO restaurante,bistro
0,Café de São Bento,bistro
0,Café No Chiado,bistro
0,Antiga Wine Bar,bistro
0,IIIMPAR,bistro
0,COUCOU,bistro
0,"11 Tapas - Restaurante & Cocktail, WineBar",bistro
0,Canto da vila,bistro
0,Antónia Petiscos,bistro
0,Boi-Cavalo Restaurante,bistro
0,Al Garage,bistro
0,O Magano,bistro
0,Restaurante,bistro
0,Café No Chiado,bistro
0,Restaurante Bar Tipico O Minhoto,bistro
0,Tágide,bistro
0,Tapa Bucho,bistro
0,Delirium Café Lisboa,bistro
0,Ofício - Tasco Atípico,bistro
0,Chapitô à Mesa,bistro
0,Gin Lovers Bar & Restaurant,bistro
0,RoberTine,bistro
0,Castro,bistro
0,Stasha,mediterranean restaurant
0,Open Brasserie Mediterrânica,mediterranean restaurant
0,Cafeh Tehran,mediterranean restaurant
0,Fenícios Restaurante,mediterranean restaurant
0,Turkish Kebab House,mediterranean restaurant
0,"Sumaya, Mesa Libanesa",mediterranean restaurant
0,Fenícios Castilho,mediterranean restaurant
0,Dom47 Gastronomia,mediterranean restaurant
0,Lebanese Corner,mediterranean restaurant
0,Khayyam Persian restaurant,mediterranean restaurant
0,Tantura,mediterranean restaurant
0,Yallah Lisboa,mediterranean restaurant
0,Velha Gaiteira,mediterranean restaurant
0,Local Healthy Kitchen,mediterranean restaurant
0,Kefi greek bistro,mediterranean restaurant
0,Paladarium,mediterranean restaurant
0,Joshua's Shoarma,mediterranean restaurant
0,Flor da Laranja,mediterranean restaurant
0,Populi By Terra Nova,mediterranean restaurant
0,Quermesse,mediterranean restaurant
0,Crisfama,mediterranean restaurant
0,A Venda Lusitana,mediterranean restaurant
0,Maria Mil Reis,mediterranean restaurant
0,Alto Minho,mediterranean restaurant
0,El Paso,mediterranean restaurant
0,Pita Gourmet Alfama,mediterranean restaurant
0,Rock Kebab,mediterranean restaurant
0,MANKOOCHE,mediterranean restaurant
0,#Treestory,mediterranean restaurant
0,Castro,mediterranean restaurant
0,Churrasqueira da Paz,mediterranean restaurant
0,InkFarmFood - Organic food & juices. Israeli Cuisine,mediterranean restaurant
0,Taverna Alfacinha,mediterranean restaurant
0,Alma,mediterranean restaurant
0,Taberna - Bairro do Avillez,mediterranean restaurant
0,Lumi Rooftop,mediterranean restaurant
0,O Tainadas,mediterranean restaurant
0,Armaha Restaurant,mediterranean restaurant
0,Tapisco Lisboa,mediterranean restaurant
0,Cascais Remo,mediterranean restaurant
0,Marisqueira M,mediterranean restaurant
0,Manifest Lisbon,mediterranean restaurant
0,Atalho Real,mediterranean restaurant
0,Varanda,mediterranean restaurant
0,Restaurante Rodas,mediterranean restaurant
0,Moma,mediterranean restaurant
0,Adega Dom Luis,mediterranean restaurant
0,Taberna Albricoque,mediterranean restaurant
0,IIIMPAR,mediterranean restaurant
0,Restaurante Consensual,mediterranean restaurant
0,Grelha Do Carmo,mediterranean restaurant
0,O Farnel,mediterranean restaurant
0,Zambeze Restaurante,mediterranean restaurant
0,Via Graça,mediterranean restaurant
0,Faz Figura,mediterranean restaurant
0,Sol Dourado,mediterranean restaurant
0,Alfama Kebabish,mediterranean restaurant
0,Akla,mediterranean restaurant
0,São Jorge,mediterranean restaurant
0,Floresta da cidade,mediterranean restaurant
0,Comidas de Santiago,mediterranean restaurant
0,SILK CLUB ROOFTOP RESTAURANT & CLUB,mediterranean restaurant
0,Versículo d'O Faia,mediterranean restaurant
0,Hard Rock Cafe,mediterranean restaurant
0,Noobai - Rooftop Bar e Restaurante,mediterranean restaurant
0,Planeta dos Temperos,mediterranean restaurant
0,Restaurante Rio Grande,mediterranean restaurant
0,Zazah,mediterranean restaurant
0,Sucolento,mediterranean restaurant
0,Vitaminas Garrett,mediterranean restaurant
0,Tabuaria do Paço,mediterranean restaurant
0,"Yakuza by Olivier, Lisboa",mediterranean restaurant
0,Limoncello,mediterranean restaurant
0,Restaurante Floresta das Escadinhas,mediterranean restaurant
0,Sabor Lisboa,mediterranean restaurant
0,BouBou's,mediterranean restaurant
0,La Vita è Bella,mediterranean restaurant
0,Pastaria,mediterranean restaurant
0,Kaffeehaus,mediterranean restaurant
0,Le Petit Café,mediterranean restaurant
0,Flor de Lis,mediterranean restaurant
0,Pharmácia Felicidade,mediterranean restaurant
0,Restaurante A Gina,mediterranean restaurant
0,Royale Café,mediterranean restaurant
0,Figus,mediterranean restaurant
0,Frade dos Mares,mediterranean restaurant
0,Carmo Restaurant & Bar,mediterranean restaurant
0,Taberna Moderna,mediterranean restaurant
0,Lost In,mediterranean restaurant
0,Duque,mediterranean restaurant
0,As Salgadeiras,mediterranean restaurant
0,Chapitô à Mesa,mediterranean restaurant
0,Jesus é Goês,mediterranean restaurant
0,Café Janis,mediterranean restaurant
0,La Terrasse,mediterranean restaurant
0,Tágide,mediterranean restaurant
0,Yak & Yeti,mediterranean restaurant
0,Restaurante italiano Il Gattopardo,mediterranean restaurant
0,Osteria - Cucina di Amici,mediterranean restaurant
0,Oficina do Duque,mediterranean restaurant
0,A Marisqueira do Lis,seafood restaurant
0,Sea Me Peixaria Moderna,seafood restaurant
0,Ramiro,seafood restaurant
0,Marisqueira Azul - Time Out Market,seafood restaurant
0,Marisqueira M,seafood restaurant
0,Cervejaria Ribadouro,seafood restaurant
0,Sol e Pesca,seafood restaurant
0,Mar ao Carmo,seafood restaurant
0,Pesca,seafood restaurant
0,Oyster & Margarita,seafood restaurant
0,Peixe ao Paço Marisqueira Contemporânea,seafood restaurant
0,Restaurante Gambrinus,seafood restaurant
0,Concha d'Ouro,seafood restaurant
0,Restaurante Mar ao Largo,seafood restaurant
0,Prazeres do Mar,seafood restaurant
0,Lagosta Real,seafood restaurant
0,Versículo d'O Faia,seafood restaurant
0,Peixola,seafood restaurant
0,"Gruta Camoes, Mario",seafood restaurant
0,Fúria do Mar - Marisqueira,seafood restaurant
0,Grelha Do Carmo,seafood restaurant
0,Armaha Restaurant,seafood restaurant
0,Água pela Barba,seafood restaurant
0,Big Fish Poke,seafood restaurant
0,Restaurante Aldeia do Bairro Alto,seafood restaurant
0,O Chefe e o Mar,seafood restaurant
0,Peixaria do Rossio,seafood restaurant
0,Marisqueira Uma,seafood restaurant
0,Anjos,seafood restaurant
0,Marisqueira Azul - Praça do Comércio,seafood restaurant
0,Solar 31 da Calçada,seafood restaurant
0,Santa Marta Marisqueira,seafood restaurant
0,Aqui Há Peixe,seafood restaurant
0,Pinóquio,seafood restaurant
0,Solar 31 - Peixe e Marisco,seafood restaurant
0,Tradicional Portuguese & Seafood Restaurante,seafood restaurant
0,Baixamar - Mariscos e Petiscos,seafood restaurant
0,Frade dos Mares,seafood restaurant
0,A Cevicheria,seafood restaurant
0,Cais na Preguiça,seafood restaurant
0,A Grelha Marisqueira E Churrasqueira,seafood restaurant
0,Cataplana LX,seafood restaurant
0,Can the Can Lisboa,seafood restaurant
0,Penalva Da Graça,seafood restaurant
0,Restaurante da Calçada,seafood restaurant
0,Ultramariscos,seafood restaurant
0,Restaurante Cantinho da Rosa,seafood restaurant
0,Leão d'Ouro,seafood restaurant
0,cervejaria marisqueira,seafood restaurant
0,Mercado municipal,seafood restaurant
0,A Taberna do Mar,seafood restaurant
0,"Marisqueira Popular - Alves Augusta & Jesus, Lda.",seafood restaurant
0,Solar dos Presuntos,seafood restaurant
0,Cervejaria Liberdade,seafood restaurant
0,O Canastra,seafood restaurant
0,O tasco do vigario,seafood restaurant
0,Sea food,seafood restaurant
0,A Parreirinha do Paraíso,seafood restaurant
0,O Sopinhas,seafood restaurant
0,O Velho Eurico,seafood restaurant
0,Rio Coura,seafood restaurant
0,Taverna Alfacinha,seafood restaurant
0,Cervejaria Trindade,seafood restaurant
0,Adega Dom Luis,seafood restaurant
0,Lisboa Tu & Eu,seafood restaurant
0,"Vimar-Sociedade Revendedora De Mariscos, Lda.",seafood restaurant
0,O Caçador da Oliveira,seafood restaurant
0,Crisfama,seafood restaurant
0,Churrasqueira da Paz,seafood restaurant
0,farol de santa luzia lisbon,seafood restaurant
0,Inhaca,seafood restaurant
0,Restaurante do Sol,seafood restaurant
0,Mariscos Restaurante,seafood restaurant
0,Restaurante Floresta das Escadinhas,seafood restaurant
0,Seen Lisboa,seafood restaurant
0,Restaurante Cervejaria Barcabela,seafood restaurant
0,Bairro do Avillez,seafood restaurant
0,Restaurant International,seafood restaurant
0,Carmo Restaurant & Bar,seafood restaurant
0,Restaurante Jardim da Graça,seafood restaurant
0,1º de Maio,seafood restaurant
0,Solar do Bacalhau,seafood restaurant
0,Sommelier Lisbon,seafood restaurant
0,O Arco,seafood restaurant
0,Hua Ta Li Restaurante Chinês,seafood restaurant
0,Alpendre,seafood restaurant
0,Maria Mil Reis,seafood restaurant
0,Há Pitéu,seafood restaurant
0,Tabuaria do Paço,seafood restaurant
0,Taberna - Bairro do Avillez,seafood restaurant
0,Cascais Remo,seafood restaurant
0,Sol Dourado,seafood restaurant
0,Sancho,seafood restaurant
0,A Muralha Tasca Típica Lisboa,seafood restaurant
0,Zapata,seafood restaurant
0,Atalho Real,seafood restaurant
0,Mesa Kreol,seafood restaurant
0,Alma,seafood restaurant
0,Restaurante Marco,seafood restaurant
0,Restaurante Casa da Índia,seafood restaurant
0,Restaurante Gambrinus,portuguese traditional tradicional cozinha restaurant
0,Allfama Portuguese Cuisine,portuguese traditional tradicional cozinha restaurant
0,Restaurante A Morgadinha de Alfama,portuguese traditional tradicional cozinha restaurant
0,Bairro do Avillez,portuguese traditional tradicional cozinha restaurant
0,Zeluna,portuguese traditional tradicional cozinha restaurant
0,Armaha Restaurant,portuguese traditional tradicional cozinha restaurant
0,Tasca Do Marinheiro,portuguese traditional tradicional cozinha restaurant
0,Food Corner Marlene Vieira,portuguese traditional tradicional cozinha restaurant
0,Versículo d'O Faia,portuguese traditional tradicional cozinha restaurant
0,Sardinha,portuguese traditional tradicional cozinha restaurant
0,Bacalhau,portuguese traditional tradicional cozinha restaurant
0,O Caldo Verde,portuguese traditional tradicional cozinha restaurant
0,Cozinha Caseira,portuguese traditional tradicional cozinha restaurant
0,Restaurante Rio Grande,portuguese traditional tradicional cozinha restaurant
0,Rosa da Rua,portuguese traditional tradicional cozinha restaurant
0,Maria Catita Restaurante,portuguese traditional tradicional cozinha restaurant
0,O Canastra,portuguese traditional tradicional cozinha restaurant
0,A Provinciana,portuguese traditional tradicional cozinha restaurant
0,Cerqueira,portuguese traditional tradicional cozinha restaurant
0,Nova Pombalina,portuguese traditional tradicional cozinha restaurant
0,Cantinho Da Fátima,portuguese traditional tradicional cozinha restaurant
0,Restaurante Dois Arcos,portuguese traditional tradicional cozinha restaurant
0,Peixaria do Rossio,portuguese traditional tradicional cozinha restaurant
0,Restaurante O ANJO,portuguese traditional tradicional cozinha restaurant
0,Casa Portuguesa do Pastel de Bacalhau,portuguese traditional tradicional cozinha restaurant
0,Casa de Pasto,portuguese traditional tradicional cozinha restaurant
0,Das Flores,portuguese traditional tradicional cozinha restaurant
0,Taberna Portuguesa,portuguese traditional tradicional cozinha restaurant
0,Velha Gaiteira,portuguese traditional tradicional cozinha restaurant
0,Restaurante Cantinho da Rosa,portuguese traditional tradicional cozinha restaurant
0,Taberna do Bairro alto,portuguese traditional tradicional cozinha restaurant
0,O Cartaxinho,portuguese traditional tradicional cozinha restaurant
0,Cova Funda Intendente,portuguese traditional tradicional cozinha restaurant
0,As Salgadeiras,portuguese traditional tradicional cozinha restaurant
0,As Velhas,portuguese traditional tradicional cozinha restaurant
0,Akla,portuguese traditional tradicional cozinha restaurant
0,Maçã Verde,portuguese traditional tradicional cozinha restaurant
0,Restaurante piri-piri,portuguese traditional tradicional cozinha restaurant
0,Delfina,portuguese traditional tradicional cozinha restaurant
0,Alfaia,portuguese traditional tradicional cozinha restaurant
0,A Merendinha do Arco Bandeira,portuguese traditional tradicional cozinha restaurant
0,SABOR DO BACALHAU,portuguese traditional tradicional cozinha restaurant
0,Sabor Lisboa,portuguese traditional tradicional cozinha restaurant
0,Leão d'Ouro,portuguese traditional tradicional cozinha restaurant
0,O Velho Eurico,portuguese traditional tradicional cozinha restaurant
0,Alma,portuguese traditional tradicional cozinha restaurant
0,Tradicional Portuguese & Seafood Restaurante,portuguese traditional tradicional cozinha restaurant
0,Restaurante O Portas,portuguese traditional tradicional cozinha restaurant
0,Menu diário todos os dias,portuguese traditional tradicional cozinha restaurant
0,ET PORTUGUESE GASTROBAR,portuguese traditional tradicional cozinha restaurant
0,Restaurante Cervejaria Lisboa Portugal,portuguese traditional tradicional cozinha restaurant
0,Restaurante da Calçada,portuguese traditional tradicional cozinha restaurant
0,Parreirinha de Alfama,portuguese traditional tradicional cozinha restaurant
0,Estrela da Sé,portuguese traditional tradicional cozinha restaurant
0,Santa Lisboa,portuguese traditional tradicional cozinha restaurant
0,1º de Maio,portuguese traditional tradicional cozinha restaurant
0,Sommelier Lisbon,portuguese traditional tradicional cozinha restaurant
0,A Tendinha do Rossio,portuguese traditional tradicional cozinha restaurant
0,Via Graça,portuguese traditional tradicional cozinha restaurant
0,Restaurante Casa da Índia,portuguese traditional tradicional cozinha restaurant
0,O Arco,portuguese traditional tradicional cozinha restaurant
0,Tasca da Esquina,portuguese traditional tradicional cozinha restaurant
0,Ena Pai!,portuguese traditional tradicional cozinha restaurant
0,Ilha da Madeira,portuguese traditional tradicional cozinha restaurant
0,Sacramento do Chiado,portuguese traditional tradicional cozinha restaurant
0,Belmiro Restaurante,portuguese traditional tradicional cozinha restaurant
0,Castro,portuguese traditional tradicional cozinha restaurant
0,Caso Sério,portuguese traditional tradicional cozinha restaurant
0,Super Mário,portuguese traditional tradicional cozinha restaurant
0,Petiscaria Ideal,portuguese traditional tradicional cozinha restaurant
0,Restaurante Flor do Duque,portuguese traditional tradicional cozinha restaurant
0,Securas,portuguese traditional tradicional cozinha restaurant
0,O Cacho Dourado,portuguese traditional tradicional cozinha restaurant
0,Martinho da Arcada,portuguese traditional tradicional cozinha restaurant
0,As Zebras do Combro,portuguese traditional tradicional cozinha restaurant
0,O Trevo,portuguese traditional tradicional cozinha restaurant
0,OTRO restaurante,portuguese traditional tradicional cozinha restaurant
0,Restaurante 100 Maneiras,portuguese traditional tradicional cozinha restaurant
0,Restaurante Bota Alta,portuguese traditional tradicional cozinha restaurant
0,Dalí Cozinha Surreal,portuguese traditional tradicional cozinha restaurant
0,Estórias na Casa da Comida,portuguese traditional tradicional cozinha restaurant
0,Restaurante Pastelaria Palu's,portuguese traditional tradicional cozinha restaurant
0,Sol Dourado,portuguese traditional tradicional cozinha restaurant
0,S,portuguese traditional tradicional cozinha restaurant
0,Belcanto,portuguese traditional tradicional cozinha restaurant
0,Tapisco Lisboa,portuguese traditional tradicional cozinha restaurant
0,Cervejaria Liberdade,portuguese traditional tradicional cozinha restaurant
0,xenu restaurante,portuguese traditional tradicional cozinha restaurant
0,Churrasqueira De Sapadores,portuguese traditional tradicional cozinha restaurant
0,As Bifanas do Afonso,portuguese traditional tradicional cozinha restaurant
0,Varanda,portuguese traditional tradicional cozinha restaurant
0,Ti-Natercia,portuguese traditional tradicional cozinha restaurant
0,Restaurante Café e Grill Tradicional Indiano e Português,portuguese traditional tradicional cozinha restaurant
0,Restaurante Rodas,portuguese traditional tradicional cozinha restaurant
0,Ourives Petisqueira,portuguese traditional tradicional cozinha restaurant
0,O Magano,portuguese traditional tradicional cozinha restaurant
0,João do Grão,portuguese traditional tradicional cozinha restaurant
0,Taberna - Bairro do Avillez,portuguese traditional tradicional cozinha restaurant
0,da Prata 52,portuguese traditional tradicional cozinha restaurant
0,Miguel Castro e Silva,portuguese traditional tradicional cozinha restaurant
0,Azia Asian Restaurant,asian thai
0,Quick Asia,asian thai
0,Soi,asian thai
0,Boa-Bao,asian thai
0,Boa-Bao,asian
0,Azia Asian Restaurant,asian
0,JNcQUOI Asia,asian
0,Soi,asian
0,Hidden Chinese Restaurant,asian
0,Ori Asian Food Colombo,asian
0,Ogaya,asian
0,Hua Ta Li Chinese Restaurant,asian
0,The Old House,asian
0,Malaca Too,asian
0,Sala Thai,asian
0,Nui Sushi & Thai bar,asian
0,Huang He Restaurante Chinês,asian
0,Asian Food Lx,asian
0,Jóia do Palácio,asian
0,KIN,asian
0,Sukhothai,asian
0,Gyoza Bar,asian
0,Soão,asian
0,Asian Lab,asian
0,Nova Paris,asian
0,Dartisto,asian
0,Clandestino,asian
0,Casa dos Prazeres,asian
0,Café Klandestino,asian
0,Miss Jappa,asian
0,Unique Sushi Lab,asian
0,KOPPU RAMEN + IZAKAYA,asian
0,Pangzi Massa 胖子面馆,asian
0,Calcuta,asian
0,Leo Restaurant,asian
0,Bonsai,asian
0,Macau Dim Sum (Yum Cha Garden),asian
0,Sushi Cafe,asian
0,Wok to Walk,asian
0,Legumi Sushi Vegan,asian
0,Restaurant CHULHO & Bar,asian
0,In Noodles,asian
0,Restaurante Nuvem Mar,asian
0,Olá Nepal,asian
0,Miteri restaurant,asian
0,Tasca Kome,asian
0,Nómada - Chiado,asian
0,Aura Dim Sum Lab,asian
0,Confraria LX,asian
0,Asian Lab,asian
0,Mattë Lisboa,asian
0,KOPPU RAMEN,asian
0,Restaurante Suntory Exotic Japanese Fusion,asian
0,"Yakuza by Olivier, Lisboa",asian
0,JNcQUOI Avenida,asian
0,Trópico do Cais,asian
0,Chichi papa restaurant and bar,asian
0,Mint house,asian
0,Wok to Walk,asian
0,Sukhothai,thai
0,Krua Thai,thai
0,Boa-Bao,thai
0,Azia Asian Restaurant,thai
0,Quick Asia,thai
0,Soi,thai
0,Nui Sushi & Thai bar,thai
0,Bhavani Thai Massage Therapy,thai
0,Mr Asia Restaurante,thai
0,JNcQUOI Asia,thai
0,KIN,thai
0,Rebel Asian,thai
0,Dutch Treat Lisboa,thai
0,Organi Chiado,thai
0,Eat Pray Love Lisboa,thai
0,PSI,thai
0,Asian Lab,thai
0,Atalho Real,grill
0,Bono Lisboa,grill
0,RIB - Beef & Wine Lisboa,grill
0,BBQ Tonight,grill
0,Restaurante Grill D. Fernando,grill
0,Restaurante Café e Grill Tradicional Indiano e Português,grill
0,Frangasqueira Nacional,grill
0,La Paparrucha,grill
0,The Grill Club kabab-Grill Restaurant,grill
0,Moma,grill
0,Kumar Churrasqueira,grill
0,Spicy,grill
0,Block House Amoreiras,grill
0,Verde Minho,grill
0,K.O.B,grill
0,Tempero Gaucho,grill
0,Churrasqueira da Paz,grill
0,Kumar Churrasqueira Lisboa,grill
0,Charcoal Grill,grill
0,Food Garden Grill,grill
0,L'os à Moelle,grill
0,OMONNI FRIED CHICKEN,grill
0,Xburger-Grill&Kebab,grill
0,Restaurante Boizão Grill,grill
0,Carvoaria Jacto,grill
0,Han - Table Barbecue,grill
0,Santo Graal Burger & Grill,grill
0,BBQcome,grill
0,Taberna do Lopes First Floor,grill
0,La Brasserie de l'Entrecôte,grill
0,Café de São Bento,grill
0,IIIMPAR,grill
0,York Burger,grill
0,Vicente,grill
0,Restaurant CHULHO & Bar,grill
0,Tapas Do Atlantico,grill
0,Kebabish PT,grill
0,Sabor Gaucho Chiado,grill
0,Restaurante O Churrasco,grill
0,HUNGRILL Restaurante e Cafe,grill
0,Franguinho do Príncipe,grill
0,The grill club,grill
0,Needle in a haystack,grill
0,Café Buenos Aires,grill
0,Hard Rock Cafe Lisbon,grill
0,Alfama Grill,grill
0,Fogo de Chão,grill
0,Churrasqueira Central Da Lapa,grill
0,Restaurante Floresta das Escadinhas,grill
0,Bicaense Est.1959,grill
0,MANKOOCHE,grill
0,Tropical da Graça,grill
0,Pizza Alif Kebab,grill
0,Taberna do Bairro alto,grill
0,Casa Sete restaurant,grill
0,Restaurante da Calçada,grill
0,Armazém da Cachaça,grill
0,Restaurante Rodas,grill
0,Zé dos Cornos,grill
0,C.O.W,grill
0,JNcQUOI Avenida,grill
0,Nawab’s kebab & Grill,grill
0,Forninho Saloio,grill
0,Restaurante XL,grill
0,AnNam Lisboa,grill
0,Taberna dos Clérigos,grill
0,Os Cabaças,grill
0,LX Kebab House,grill
0,O Tachadas,grill
0,O Caçador da Oliveira,grill
0,A Minhota da Prata,grill
0,Santelmo,grill
0,Taverna Alfacinha,grill
0,Lisboa Cheia de Graça,grill
0,Guacamole,grill
0,Restaurant Mar ao Largo,grill
0,O Prego,grill
0,Alvario Poeta,grill
0,Picanha na Brasa Lisboa,grill
0,XAROPERIA,grill
0,"Yakuza by Olivier, Lisboa",grill
0,O Aregos,grill
0,Grilled And Company Restaurante And Grelhados,grill
0,MEETUP PIZZA AND GRILL,grill
0,Lugar Marcado,grill
0,A. Costa,grill
0,Chapitô à Mesa,grill
0,Eating Bear,grill
0,Bonjardim,grill
0,Taste of Pakistan,grill
0,Lusitânia Tony,grill
0,O Trigueirinho,grill
0,"Bachus-Restaurante Grill Bar - Gastrobares-Sociedade De Gastronomia E Bares, Lda.",grill
0,BAHR & Terrace,grill
0,Pateo 13,grill
0,Buffet Livre do Leao,grill
0,O Pepe,grill
0,O Bitoque da Mouraria,grill
0,Farol de Santa Luzia,grill
0,Khayyam Persian restaurant,grill
0,Bonjardim,chicken
0,Frangasqueira Nacional,chicken
0,OMONNI FRIED CHICKEN,chicken
0,Restaurant CHULHO & Bar,chicken
0,Churrasqueira da Paz,chicken
0,Franguinho do Príncipe,chicken
0,El-Rei Dom Frango,chicken
0,Restaurante O Churrasco,chicken
0,Crispy Mafya,chicken
0,SEASON EXPRESSIONS,chicken
0,Oficina do Duque,chicken
0,Ramiro,chicken
0,Royal Spice Restaurante,chicken
0,Rua,chicken
0,Verde Minho,chicken
0,Sabor a Lisboa,chicken
0,Best kebab & Pizza house,chicken
0,Sucolento,chicken
0,O Sopinhas,chicken
0,Piri-Piri,chicken
0,Restaurante Casa da Índia,chicken
0,Sherpa Mo Mo,chicken
0,Pizzaria Lisboa,chicken
0,Hottie,chicken
0,Belcanto,chicken
0,Kumar Churrasqueira Lisboa,chicken
0,Taste of Pakistan,chicken
0,Hard Rock Cafe Lisbon,chicken
0,Spicy,chicken
0,Allfama Portuguese Cuisine,chicken
0,Kebabish PT,chicken
0,"Gandhi Palace - Restaurante Indiano & Italiano - Bairro Alto, Lisboa",chicken
0,Bengal Tandoori - Restaurante Indiano Lisbon,chicken
0,Yak & Yeti,chicken
0,Taberna Sal Grosso,chicken
0,Chutnify Principe Real,chicken
0,India gate,chicken
0,Príncipe do Calhariz,chicken
0,bōmau,chicken
0,BBQ Tonight,chicken
0,Leo Restaurant,chicken
0,Taste of Punjab,chicken
0,Quermesse,chicken
0,Lebanese Corner,chicken
0,Bem-Haja Lisboa,chicken
0,Xburger-Grill&Kebab,chicken
0,Union Portugal,chicken
0,Restaurante Rodas,chicken
0,Sanskar Nepal,chicken
0,Lumbini Restaurant,chicken
0,Cantinho do Aziz,chicken
0,Tropical da Graça,chicken
0,Zuari,chicken
0,Tulsi Restaurant,chicken
0,RD's Restaurante and cafe,chicken
0,Maria Catita,chicken
0,Restaurante Rio Grande,chicken
0,Churrasqueira Central Da Lapa,chicken
0,Mesa Kreol,chicken
0,Restaurante Diyalo,chicken
0,O Marques,chicken
0,Batata Doce,chicken
0,Lisboa Tu e Eu 2,chicken
0,New Himalaia,chicken
0,Canto da vila,chicken
0,Natraj Tandoori,chicken
0,Tamarind,chicken
0,Flor da Laranja,chicken
0,Madragoa Vinhos e Petiscos,chicken
0,SUN TAN,chicken
0,Fumeiro de Santa Catarina,chicken
0,Boa-Bao,chicken
0,Charcoal Grill,chicken
0,Stanislav Café,chicken
0,O Prego,chicken
0,Vitaminas Garrett,chicken
0,Allfama Too,chicken
0,Gandhi Palace,chicken
0,Food Garden Grill,chicken
0,Sacramento do Chiado,chicken
0,Lisbon cafe & kebab house,chicken
0,Carmo,chicken
0,Crafty Corner,chicken
0,Season,chicken
0,Nolita Lisboa,chicken
0,Gurkha Restaurant & Bar (São Bento),chicken
0,Roda Viva,chicken
0,Everest Montanha,chicken
0,Quase Café,chicken
0,Nood,chicken
0,The George,chicken
0,Cinnamon Restaurante Indiano,chicken
0,Dixy chicken PT,chicken
0,Cafeh Tehran,chicken
0,Lost In,chicken
0,The Grill Club kabab-Grill Restaurant,chicken
0,Sol Dourado,chicken
0,Pizza Alif Kebab,chicken
0,Natraj Tandoori Rato,chicken
0,MANKOOCHE,chicken
0,A Cevicheria,peruvian
0,Qosqo,peruvian
0,Segundo Muelle,peruvian
0,Coyo Taco - Príncipe Real,mexican
0,Taqueria Patron,mexican
0,3 Amigos,mexican
0,Coyo Taco - Cais do Sodré,mexican
0,Guacamole,mexican
0,Taqueria do Chiado by Espada,mexican
0,Taco Locoo,mexican
0,Las Ficheras,mexican
0,La Fugitiva Taco Bar,mexican
0,El Paso Cantina Mexicana y Cocktail Bar,mexican
0,El Tacos Mexican & Cocktails Bar ( Bairro Alto),mexican
0,Taquería El Cabron,mexican
0,La fugitiva,mexican
0,CARNAL,mexican
0,Guaka,mexican
0,Trinca,mexican
0,Dona Maria,mexican
0,Tacos 7,mexican
0,CASA DOS AMIGOS,mexican
0,Tico y Taco,mexican
0,El tacos Mexican & cocktails bar,mexican
0,O Fatica,mexican
0,Bala,mexican
0,HAWAII POKE-IN,mexican
0,El Paso,mexican
0,La Paparrucha,argentinian
0,Union Portugal,argentinian
0,Café Buenos Aires,argentinian
0,Empanadaria El Pibe,argentinian
0,Aché Latino Restaurante Bar,argentinian
0,Turkish Kebab House,turkishgeorgianhalal
0,Turkish Kebab House,turkish
0,Istanbul,turkish
0,Alfama Kebabish,turkish
0,"Seymen, Lda.",turkish
0,Tuz Good Food,turkish
0,Turkish Kebab & Chickens Wings Shop,turkish
0,Dervixe,turkish
0,Kumar Kebab & Pizza House,turkish
0,I Love Kebab,turkish
0,Hunger Station,turkish
0,#Treestory,georgian
0,Pizza Alif Kebab,halal
0,BBQ Tonight,halal
0,Taste of Punjab,halal
0,Ahmad Halal Foods,halal
0,Turkish Kebab House,halal
0,Kebabish PT,halal
0,Spicy,halal
0,Taste of Pakistan,halal
0,Leo Restaurant,halal
0,Best kebab & Pizza house,halal
0,Ghoroa,halal
0,Cosmikfriend Unipessoal Lda,halal
0,Restaurante churrasqueira halal,halal
0,LX Kebab House,halal
0,Radhuni,halal
0,Dhaka restaurant,halal
0,PappaRoti Portugal,halal
0,Tasca Do Marinheiro,halal
0,Halal Kebab & Restaurant,halal
0,HALALCOUNTER,halal
0,MeraPrime Gold Design Hotel,halal
0,Gurkha Restaurant & Bar (São Bento),halal
0,Xburger-Grill&Kebab,halal
0,Lal Qila Restaurante,halal
0,Flor da Laranja,halal
0,Cheesy kebab Lover,halal
0,The grill club,halal
0,Khayyam Persian restaurant,halal
0,O Farnel,halal
0,India gate,halal
0,Bengal Tandoori - Restaurante Indiano Lisbon,halal
0,Hunger Station,halal
0,Dixy chicken PT,halal
0,Cantinho do Aziz,halal
0,Kumar Kebab & Pizza House,halal
0,Flor da Laranja,morocco
0,Pateo - Bairro do Avillez,portuguese
0,Restaurante Cervejaria Lisboa Portugal,portuguese
0,Leão d'Ouro,portuguese
0,Gambrinus,portuguese
0,Versículo d'O Faia,portuguese
0,Armaha Restaurant,portuguese
0,O Canastro,portuguese
0,Allfama Portuguese Cuisine,portuguese
0,Sabor a Lisboa,portuguese
0,A Merendinha do Arco Bandeira,portuguese
0,Cervejaria Liberdade,portuguese
0,Lisboa à Noite,portuguese
0,Varanda Restaurant,portuguese
0,da Prata 52,portuguese
0,Farol de Santa Luzia,portuguese
0,Cova Funda Intendente,portuguese
0,Rosa da Rua,portuguese
0,Martinho da Arcada,portuguese
0,Casa Portuguesa do Pastel de Bacalhau,portuguese
0,Taberna Portuguesa,portuguese
0,Tasca da Esquina,portuguese
0,Peixaria do Rossio,portuguese
0,As Bifanas do Afonso,portuguese
0,Cerqueira,portuguese
0,O Trevo,portuguese
0,Maria Catita,portuguese
0,1º de Maio,portuguese
0,A Provinciana,portuguese
0,Restaurante Marco,portuguese
0,Sr. Fado,portuguese
0,Verde Minho,portuguese
0,Das Flores,portuguese
0,Boi-Cavalo Restaurante,portuguese
0,Caso Sério,portuguese
0,O Caldo Verde,portuguese
0,As Zebras do Combro,portuguese
0,Bem-Haja Lisboa,portuguese
0,Restaurante O ANJO,portuguese
0,Bairrices,portuguese
0,Kumar Churrasqueira Lisboa,portuguese
0,Museu da Cerveja,portuguese
0,Parreirinha de Alfama,portuguese
0,Union Portugal,portuguese
0,Velha Gaiteira,portuguese
0,Restaurante Rio Grande,portuguese
0,Piri-Piri,portuguese
0,Super Mário,portuguese
0,A Minhota da Prata,portuguese
0,xenu restaurante,portuguese
0,Maçã Verde,portuguese
0,Nova Pombalina,portuguese
0,Delfina-Cantina Portuguesa,portuguese
0,Akla,portuguese
0,O Arco,portuguese
0,Café Príncipe Real Restaurante & Cocktail Bar,portuguese
0,Taberna do Bairro alto,portuguese
0,O Cacho Dourado,portuguese
0,Café No Chiado,portuguese
0,Cantinho Da Fátima,portuguese
0,Alto Minho,portuguese
0,Sardinha,portuguese
0,Restaurante Bom Garfo Bairo Alto,portuguese
0,Estrela da Sé,portuguese
0,Restaurante Flor do Duque,portuguese
0,Food Corner Marlene Vieira,portuguese
0,Lisbon You and Me,portuguese
0,BAHR & Terrace,portuguese
0,Casa de Pasto,portuguese
0,Tasca Do Marinheiro,portuguese
0,São Rafael Cellar,portuguese
0,SABOR DO BACALHAU,portuguese
0,Comaká,portuguese
0,Mandala De Sabores,portuguese
0,Bistro 100 Maneiras,portuguese
0,O Ato,portuguese
0,As Parreiras,portuguese
0,Sommelier Lisbon,portuguese
0,Alvario Poeta,portuguese
0,Terminal sta. apolonia,portuguese
0,O Compadre,portuguese
0,Castro,portuguese
0,Sao Miguel Grandes Cantorias,portuguese
0,Restaurante O Vicentinho,portuguese
0,Cozinha Caseira,portuguese
0,Santa Lisboa,portuguese
0,Restaurante e Fado - São Rafael,portuguese
0,Restaurante Rodas,portuguese
0,O Velho Eurico,portuguese
0,O tasco do vigario,portuguese
0,Tasca da tia Macheta,portuguese
0,Tasca da susana,portuguese
0,Jam Club,portuguese
0,Belcanto,portuguese
0,Oficina do Duque,portuguese
0,Needle in a haystack,portuguese
0,Duetos da Sé,portuguese
0,O Tainadas Restaurante & Bar,portuguese
0,Crisfama,portuguese
0,Frade dos Mares,portuguese
0,A Cevicheria,portuguese
